team,champion_count,champion_probability
Mexico,10229262,0.01022926
South Africa,2180275,0.00218028
South Korea,8293627,0.00829363
Czechia,8288923,0.00828892
Canada,9955084,0.00995508
Bosnia and Herzegovina,1449031,0.00144903
Qatar,1049672,0.00104967
Switzerland,19340413,0.01934041
Brazil,62956070,0.06295607
Morocco,18344110,0.01834411
Haiti,8284100,0.00828410
Scotland,1705938,0.00170594
United States,3106027,0.00310603
Paraguay,5304372,0.00530437
Australia,7363480,0.00736348
Turkiye,8394795,0.00839480
Germany,46203891,0.04620389
Curacao,628199,0.00062820
Ivory Coast,7961314,0.00796131
Ecuador,16594728,0.01659473
Netherlands,36672206,0.03667221
Japan,16632858,0.01663286
Sweden,3359835,0.00335983
Tunisia,8339844,0.00833984
Belgium,72018954,0.07201895
Egypt,3724558,0.00372456
Iran,14037556,0.01403756
New Zealand,96178,0.00009618
Spain,107405942,0.10740594
Cape Verde,7765969,0.00776597
Saudi Arabia,269229,0.00026923
Uruguay,20911039,0.02091104
France,111140277,0.11114028
Senegal,5715983,0.00571598
Iraq,2259675,0.00225968
Norway,6090098,0.00609010
Argentina,93477305,0.09347730
Algeria,23329285,0.02332929
Austria,11187264,0.01118726
Jordan,992675,0.00099267
Portugal,87359309,0.08735931
DR Congo,6738364,0.00673836
Uzbekistan,1858193,0.00185819
Colombia,52963157,0.05296316
England,37732494,0.03773249
Croatia,18978387,0.01897839
Ghana,1026678,0.00102668
Panama,283377,0.00028338
