team,r32_probability,r16_probability,qf_probability,sf_probability,final_probability,champion_probability
Mexico,0.72658906,0.34477873,0.15548212,0.06634267,0.02676665,0.01022926
South Africa,0.55608500,0.21058025,0.07426093,0.02449476,0.00755283,0.00218028
South Korea,0.70632437,0.32505084,0.14167289,0.05827871,0.02261518,0.00829363
Czechia,0.70637565,0.32506941,0.14167304,0.05827485,0.02261084,0.00828892
Canada,0.76221128,0.35417342,0.15759042,0.06633292,0.02640960,0.00995508
Bosnia and Herzegovina,0.56026912,0.19495480,0.06351908,0.01931526,0.00547616,0.00144903
Qatar,0.52606036,0.17465977,0.05413495,0.01563688,0.00420466,0.00104967
Switzerland,0.83431272,0.43211199,0.21499854,0.10153447,0.04547402,0.01934041
Brazil,0.86862035,0.55671226,0.34231185,0.20254416,0.11519413,0.06295607
Morocco,0.73071386,0.38927500,0.19560699,0.09347794,0.04244630,0.01834411
Haiti,0.63456012,0.30231965,0.13396541,0.05608640,0.02216918,0.00828410
Scotland,0.44791814,0.17216766,0.06020839,0.01966437,0.00598981,0.00170594
United States,0.61334867,0.24177785,0.08993740,0.03130576,0.01019214,0.00310603
Paraguay,0.66883369,0.28473601,0.11523497,0.04388850,0.01572198,0.00530437
Australia,0.70544207,0.31540894,0.13461187,0.05417412,0.02055574,0.00736348
Turkiye,0.72081590,0.32879704,0.14334325,0.05898106,0.02289016,0.00839480
Germany,0.86625760,0.52475193,0.30518815,0.17000427,0.09061086,0.04620389
Curacao,0.38999760,0.12706796,0.03771541,0.01039036,0.00265155,0.00062820
Ivory Coast,0.67185657,0.31195960,0.13593020,0.05591824,0.02170511,0.00796131
Ecuador,0.75339866,0.38889162,0.19078552,0.08896279,0.03939697,0.01659473
Netherlands,0.81281804,0.47581989,0.26825343,0.14463570,0.07449084,0.03667221
Japan,0.72035610,0.37457538,0.18577285,0.08752322,0.03913500,0.01663286
Sweden,0.52706525,0.21899212,0.08486006,0.03084155,0.01051128,0.00335983
Tunisia,0.63493931,0.29874054,0.13280719,0.05583040,0.02218191,0.00833984
Belgium,0.93138858,0.59667256,0.37251935,0.22398082,0.12951961,0.07201895
Egypt,0.63950800,0.25848047,0.09825304,0.03511649,0.01179615,0.00372456
Iran,0.78923294,0.38822342,0.18351135,0.08221849,0.03488018,0.01403756
New Zealand,0.28798980,0.06997399,0.01539355,0.00310866,0.00057412,0.00009618
Spain,0.92710499,0.63813442,0.42826979,0.27869993,0.17573459,0.10740594
Cape Verde,0.65439126,0.30367671,0.13235109,0.05445858,0.02115319,0.00776597
Saudi Arabia,0.30072717,0.08803843,0.02330323,0.00570103,0.00129020,0.00026923
Uruguay,0.77063444,0.41185195,0.21058502,0.10249623,0.04745333,0.02091104
France,0.92498969,0.63817674,0.43164656,0.28319534,0.18014506,0.11114028
Senegal,0.60678823,0.26792411,0.11192128,0.04405418,0.01633701,0.00571598
Iraq,0.49736413,0.19288217,0.06993245,0.02377289,0.00756739,0.00225968
Norway,0.61516261,0.27423948,0.11572269,0.04602341,0.01723064,0.00609010
Argentina,0.89595012,0.60571008,0.39875919,0.25416774,0.15670902,0.09347730
Algeria,0.74763329,0.41049050,0.21558243,0.10787736,0.05139655,0.02332929
Austria,0.65679882,0.32547377,0.15221406,0.06736772,0.02820522,0.01118726
Jordan,0.37350201,0.13336951,0.04362599,0.01329359,0.00376845,0.00099267
Portugal,0.87581182,0.58973952,0.38529029,0.24330547,0.14836550,0.08735931
DR Congo,0.55886059,0.26240176,0.11445875,0.04715391,0.01833293,0.00673836
Uzbekistan,0.40848716,0.16128146,0.05827506,0.01972594,0.00625256,0.00185819
Colombia,0.82014824,0.51236903,0.30861588,0.17866267,0.09927372,0.05296316
England,0.86822871,0.49998982,0.28030953,0.15033229,0.07703638,0.03773249
Croatia,0.81182674,0.41913520,0.20909490,0.09904193,0.04449903,0.01897839
Ghana,0.50770745,0.17044349,0.05288642,0.01528785,0.00410940,0.00102668
Panama,0.38459369,0.10794873,0.02761318,0.00651812,0.00141689,0.00028338
