Thread_ID,Estimated_Pi,Actual_Pi,Absolute_Error,Percentage_Error,Time_us
0,3.268,3.14159265358979,0.126407346410207,4.02367080486279,0.000616813569321534
1,3.072,3.14159265358979,0.0695926535897931,2.2152029643395,0.000616813569321534
2,3.04,3.14159265358979,0.101592653589793,3.23379460012763,0.000616813569321534
3,3.248,3.14159265358979,0.106407346410207,3.38705103249522,0.000616813569321534
4,3.076,3.14159265358979,0.065592653589793,2.08787900986598,0.000616813569321534
5,3.04,3.14159265358979,0.101592653589793,3.23379460012763,0.000616813569321534
6,3.156,3.14159265358979,0.014407346410207,0.458600079604344,0.000616813569321534
7,3.056,3.14159265358979,0.0855926535897931,2.72449878223357,0.000616813569321534
8,3.188,3.14159265358979,0.0464073464102071,1.47719171539248,0.000616813569321534
9,3.084,3.14159265358979,0.057592653589793,1.83323110091895,0.000616813569321534
10,3.024,3.14159265358979,0.117592653589793,3.7430904180217,0.000616813569321534
11,3.076,3.14159265358979,0.065592653589793,2.08787900986598,0.000616813569321534
12,3.16,3.14159265358979,0.018407346410207,0.585924034077861,0.000616813569321534
13,3.188,3.14159265358979,0.0464073464102071,1.47719171539248,0.000616813569321534
14,3.056,3.14159265358979,0.0855926535897931,2.72449878223357,0.000616813569321534
15,3.044,3.14159265358979,0.0975926535897931,3.10647064565411,0.000616813569321534
16,3.14,3.14159265358979,0.00159265358979299,0.0506957382897213,0.000616813569321534
17,3.224,3.14159265358979,0.0824073464102071,2.62310730565412,0.000616813569321534
18,3.224,3.14159265358979,0.0824073464102071,2.62310730565412,0.000616813569321534
19,3.1,3.14159265358979,0.041592653589793,1.32393528302489,0.000616813569321534
20,3.228,3.14159265358979,0.0864073464102071,2.75043126012764,0.000616813569321534
21,3.224,3.14159265358979,0.0824073464102071,2.62310730565412,0.000616813569321534
22,3.156,3.14159265358979,0.014407346410207,0.458600079604344,0.000616813569321534
23,3.1,3.14159265358979,0.041592653589793,1.32393528302489,0.000616813569321534
24,3.096,3.14159265358979,0.045592653589793,1.4512592374984,0.000616813569321534
25,3.096,3.14159265358979,0.045592653589793,1.4512592374984,0.000616813569321534
26,2.992,3.14159265358979,0.149592653589793,4.76168205380983,0.000616813569321534
27,3.068,3.14159265358979,0.0735926535897931,2.34252691881302,0.000616813569321534
28,3.132,3.14159265358979,0.009592653589793,0.305343647236754,0.000616813569321534
29,3.156,3.14159265358979,0.014407346410207,0.458600079604344,0.000616813569321534
30,3.112,3.14159265358979,0.029592653589793,0.941963419604336,0.000616813569321534
31,3.224,3.14159265358979,0.0824073464102071,2.62310730565412,0.000616813569321534
32,3.224,3.14159265358979,0.0824073464102071,2.62310730565412,0.000616370501474926
33,3.216,3.14159265358979,0.0744073464102071,2.36845939670709,0.000616370501474926
34,3.1,3.14159265358979,0.041592653589793,1.32393528302489,0.000616370501474926
35,3.164,3.14159265358979,0.022407346410207,0.713247988551377,0.000616370501474926
36,3.212,3.14159265358979,0.0704073464102071,2.24113544223357,0.000616370501474926
37,3.128,3.14159265358979,0.013592653589793,0.43266760171027,0.000616370501474926
38,3.188,3.14159265358979,0.0464073464102071,1.47719171539248,0.000616370501474926
39,3.072,3.14159265358979,0.0695926535897931,2.2152029643395,0.000616370501474926
40,3.148,3.14159265358979,0.00640734641020702,0.203952170657311,0.000616370501474926
41,3.168,3.14159265358979,0.026407346410207,0.840571943024893,0.000616370501474926
42,3.196,3.14159265358979,0.0544073464102071,1.73183962433951,0.000616370501474926
43,3.216,3.14159265358979,0.0744073464102071,2.36845939670709,0.000616370501474926
44,3.08,3.14159265358979,0.061592653589793,1.96055505539247,0.000616370501474926
45,3.124,3.14159265358979,0.017592653589793,0.559991556183787,0.000616370501474926
46,3.236,3.14159265358979,0.0944073464102071,3.00507916907467,0.000616370501474926
47,3.116,3.14159265358979,0.025592653589793,0.81463946513082,0.000616370501474926
48,3.092,3.14159265358979,0.049592653589793,1.57858319197192,0.000616370501474926
49,3.18,3.14159265358979,0.038407346410207,1.22254380644544,0.000616370501474926
50,3.136,3.14159265358979,0.005592653589793,0.178019692763238,0.000616370501474926
51,3.124,3.14159265358979,0.017592653589793,0.559991556183787,0.000616370501474926
52,3.136,3.14159265358979,0.005592653589793,0.178019692763238,0.000616370501474926
53,3.236,3.14159265358979,0.0944073464102071,3.00507916907467,0.000616370501474926
54,3.08,3.14159265358979,0.061592653589793,1.96055505539247,0.000616370501474926
55,3.136,3.14159265358979,0.005592653589793,0.178019692763238,0.000616370501474926
56,3.092,3.14159265358979,0.049592653589793,1.57858319197192,0.000616370501474926
57,3.124,3.14159265358979,0.017592653589793,0.559991556183787,0.000616370501474926
58,3.124,3.14159265358979,0.017592653589793,0.559991556183787,0.000616370501474926
59,3.092,3.14159265358979,0.049592653589793,1.57858319197192,0.000616370501474926
60,3.064,3.14159265358979,0.0775926535897931,2.46985087328653,0.000616370501474926
61,3.192,3.14159265358979,0.0504073464102071,1.60451566986599,0.000616370501474926
62,3.016,3.14159265358979,0.125592653589793,3.99773832696873,0.000616370501474926
63,3.076,3.14159265358979,0.065592653589793,2.08787900986598,0.000616370501474926
64,3.132,3.14159265358979,0.009592653589793,0.305343647236754,0.000616372271386431
65,3.14,3.14159265358979,0.00159265358979299,0.0506957382897213,0.000616372271386431
66,3.204,3.14159265358979,0.0624073464102071,1.98648753328654,0.000616372271386431
67,3.192,3.14159265358979,0.0504073464102071,1.60451566986599,0.000616372271386431
68,2.96,3.14159265358979,0.181592653589793,5.78027368959796,0.000616372271386431
69,3.148,3.14159265358979,0.00640734641020702,0.203952170657311,0.000616372271386431
70,3.188,3.14159265358979,0.0464073464102071,1.47719171539248,0.000616372271386431
71,3.072,3.14159265358979,0.0695926535897931,2.2152029643395,0.000616372271386431
72,3.184,3.14159265358979,0.042407346410207,1.34986776091896,0.000616372271386431
73,3.084,3.14159265358979,0.057592653589793,1.83323110091895,0.000616372271386431
74,3.14,3.14159265358979,0.00159265358979299,0.0506957382897213,0.000616372271386431
75,3.204,3.14159265358979,0.0624073464102071,1.98648753328654,0.000616372271386431
76,3.14,3.14159265358979,0.00159265358979299,0.0506957382897213,0.000616372271386431
77,3.144,3.14159265358979,0.00240734641020701,0.0766282161837951,0.000616372271386431
78,3.188,3.14159265358979,0.0464073464102071,1.47719171539248,0.000616372271386431
79,3.116,3.14159265358979,0.025592653589793,0.81463946513082,0.000616372271386431
80,3.164,3.14159265358979,0.022407346410207,0.713247988551377,0.000616372271386431
81,3.228,3.14159265358979,0.0864073464102071,2.75043126012764,0.000616372271386431
82,3.176,3.14159265358979,0.034407346410207,1.09521985197193,0.000616372271386431
83,3.104,3.14159265358979,0.037592653589793,1.19661132855137,0.000616372271386431
84,3.18,3.14159265358979,0.038407346410207,1.22254380644544,0.000616372271386431
85,3.116,3.14159265358979,0.025592653589793,0.81463946513082,0.000616372271386431
86,3.216,3.14159265358979,0.0744073464102071,2.36845939670709,0.000616372271386431
87,3.276,3.14159265358979,0.134407346410207,4.27831871380982,0.000616372271386431
88,3.176,3.14159265358979,0.034407346410207,1.09521985197193,0.000616372271386431
89,3.104,3.14159265358979,0.037592653589793,1.19661132855137,0.000616372271386431
90,3.152,3.14159265358979,0.010407346410207,0.331276125130828,0.000616372271386431
91,3.156,3.14159265358979,0.014407346410207,0.458600079604344,0.000616372271386431
92,3.048,3.14159265358979,0.0935926535897931,2.9791466911806,0.000616372271386431
93,3.208,3.14159265358979,0.0664073464102071,2.11381148776006,0.000616372271386431
94,3.072,3.14159265358979,0.0695926535897931,2.2152029643395,0.000616372271386431
95,3.132,3.14159265358979,0.009592653589793,0.305343647236754,0.000616372271386431
96,3.132,3.14159265358979,0.009592653589793,0.305343647236754,0.000617297345132743
97,3.148,3.14159265358979,0.00640734641020702,0.203952170657311,0.000617297345132743
98,3.176,3.14159265358979,0.034407346410207,1.09521985197193,0.000617297345132743
99,3.128,3.14159265358979,0.013592653589793,0.43266760171027,0.000617297345132743
100,3.208,3.14159265358979,0.0664073464102071,2.11381148776006,0.000617297345132743
101,3.092,3.14159265358979,0.049592653589793,1.57858319197192,0.000617297345132743
102,3.092,3.14159265358979,0.049592653589793,1.57858319197192,0.000617297345132743
103,3.108,3.14159265358979,0.033592653589793,1.06928737407785,0.000617297345132743
104,3.112,3.14159265358979,0.029592653589793,0.941963419604336,0.000617297345132743
105,3.152,3.14159265358979,0.010407346410207,0.331276125130828,0.000617297345132743
106,3.152,3.14159265358979,0.010407346410207,0.331276125130828,0.000617297345132743
107,3.22,3.14159265358979,0.0784073464102071,2.49578335118061,0.000617297345132743
108,3.18,3.14159265358979,0.038407346410207,1.22254380644544,0.000617297345132743
109,3.068,3.14159265358979,0.0735926535897931,2.34252691881302,0.000617297345132743
110,3.136,3.14159265358979,0.005592653589793,0.178019692763238,0.000617297345132743
111,3.048,3.14159265358979,0.0935926535897931,2.9791466911806,0.000617297345132743
112,3.108,3.14159265358979,0.033592653589793,1.06928737407785,0.000617297345132743
113,3.148,3.14159265358979,0.00640734641020702,0.203952170657311,0.000617297345132743
114,3.2,3.14159265358979,0.0584073464102071,1.85916357881302,0.000617297345132743
115,3.064,3.14159265358979,0.0775926535897931,2.46985087328653,0.000617297345132743
116,3.14,3.14159265358979,0.00159265358979299,0.0506957382897213,0.000617297345132743
117,3.128,3.14159265358979,0.013592653589793,0.43266760171027,0.000617297345132743
118,3.1,3.14159265358979,0.041592653589793,1.32393528302489,0.000617297345132743
119,3.144,3.14159265358979,0.00240734641020701,0.0766282161837951,0.000617297345132743
120,3.104,3.14159265358979,0.037592653589793,1.19661132855137,0.000617297345132743
121,3.12,3.14159265358979,0.021592653589793,0.687315510657303,0.000617297345132743
122,3.168,3.14159265358979,0.026407346410207,0.840571943024893,0.000617297345132743
123,3.24,3.14159265358979,0.0984073464102071,3.13240312354819,0.000617297345132743
124,3.22,3.14159265358979,0.0784073464102071,2.49578335118061,0.000617297345132743
125,3.108,3.14159265358979,0.033592653589793,1.06928737407785,0.000617297345132743
126,3.136,3.14159265358979,0.005592653589793,0.178019692763238,0.000617297345132743
127,3.088,3.14159265358979,0.053592653589793,1.70590714644543,0.000617297345132743
128,3.16,3.14159265358979,0.018407346410207,0.585924034077861,0.000616782890855457
129,3.148,3.14159265358979,0.00640734641020702,0.203952170657311,0.000616782890855457
130,3.104,3.14159265358979,0.037592653589793,1.19661132855137,0.000616782890855457
131,3.18,3.14159265358979,0.038407346410207,1.22254380644544,0.000616782890855457
132,3.124,3.14159265358979,0.017592653589793,0.559991556183787,0.000616782890855457
133,3.208,3.14159265358979,0.0664073464102071,2.11381148776006,0.000616782890855457
134,3.14,3.14159265358979,0.00159265358979299,0.0506957382897213,0.000616782890855457
135,3.184,3.14159265358979,0.042407346410207,1.34986776091896,0.000616782890855457
136,3.14,3.14159265358979,0.00159265358979299,0.0506957382897213,0.000616782890855457
137,3.124,3.14159265358979,0.017592653589793,0.559991556183787,0.000616782890855457
138,3.132,3.14159265358979,0.009592653589793,0.305343647236754,0.000616782890855457
139,3.132,3.14159265358979,0.009592653589793,0.305343647236754,0.000616782890855457
140,3.148,3.14159265358979,0.00640734641020702,0.203952170657311,0.000616782890855457
141,3.112,3.14159265358979,0.029592653589793,0.941963419604336,0.000616782890855457
142,3.084,3.14159265358979,0.057592653589793,1.83323110091895,0.000616782890855457
143,3.136,3.14159265358979,0.005592653589793,0.178019692763238,0.000616782890855457
144,3.104,3.14159265358979,0.037592653589793,1.19661132855137,0.000616782890855457
145,3.116,3.14159265358979,0.025592653589793,0.81463946513082,0.000616782890855457
146,3.052,3.14159265358979,0.0895926535897931,2.85182273670708,0.000616782890855457
147,3.148,3.14159265358979,0.00640734641020702,0.203952170657311,0.000616782890855457
148,3.128,3.14159265358979,0.013592653589793,0.43266760171027,0.000616782890855457
149,3.068,3.14159265358979,0.0735926535897931,2.34252691881302,0.000616782890855457
150,3.112,3.14159265358979,0.029592653589793,0.941963419604336,0.000616782890855457
151,3.132,3.14159265358979,0.009592653589793,0.305343647236754,0.000616782890855457
152,3.164,3.14159265358979,0.022407346410207,0.713247988551377,0.000616782890855457
153,3.196,3.14159265358979,0.0544073464102071,1.73183962433951,0.000616782890855457
154,3.072,3.14159265358979,0.0695926535897931,2.2152029643395,0.000616782890855457
155,3.044,3.14159265358979,0.0975926535897931,3.10647064565411,0.000616782890855457
156,3.124,3.14159265358979,0.017592653589793,0.559991556183787,0.000616782890855457
157,3.152,3.14159265358979,0.010407346410207,0.331276125130828,0.000616782890855457
158,3.168,3.14159265358979,0.026407346410207,0.840571943024893,0.000616782890855457
159,3.14,3.14159265358979,0.00159265358979299,0.0506957382897213,0.000616782890855457
160,3.168,3.14159265358979,0.026407346410207,0.840571943024893,0.000616028908554572
161,3.128,3.14159265358979,0.013592653589793,0.43266760171027,0.000616028908554572
162,3.188,3.14159265358979,0.0464073464102071,1.47719171539248,0.000616028908554572
163,3.076,3.14159265358979,0.065592653589793,2.08787900986598,0.000616028908554572
164,3.148,3.14159265358979,0.00640734641020702,0.203952170657311,0.000616028908554572
165,3.048,3.14159265358979,0.0935926535897931,2.9791466911806,0.000616028908554572
166,3.224,3.14159265358979,0.0824073464102071,2.62310730565412,0.000616028908554572
167,3.144,3.14159265358979,0.00240734641020701,0.0766282161837951,0.000616028908554572
168,3.164,3.14159265358979,0.022407346410207,0.713247988551377,0.000616028908554572
169,3.144,3.14159265358979,0.00240734641020701,0.0766282161837951,0.000616028908554572
170,3.156,3.14159265358979,0.014407346410207,0.458600079604344,0.000616028908554572
171,3.108,3.14159265358979,0.033592653589793,1.06928737407785,0.000616028908554572
172,3.192,3.14159265358979,0.0504073464102071,1.60451566986599,0.000616028908554572
173,3.224,3.14159265358979,0.0824073464102071,2.62310730565412,0.000616028908554572
174,3.104,3.14159265358979,0.037592653589793,1.19661132855137,0.000616028908554572
175,3.172,3.14159265358979,0.030407346410207,0.96789589749841,0.000616028908554572
176,3.144,3.14159265358979,0.00240734641020701,0.0766282161837951,0.000616028908554572
177,3.128,3.14159265358979,0.013592653589793,0.43266760171027,0.000616028908554572
178,3.24,3.14159265358979,0.0984073464102071,3.13240312354819,0.000616028908554572
179,3.032,3.14159265358979,0.109592653589793,3.48844250907466,0.000616028908554572
180,3.208,3.14159265358979,0.0664073464102071,2.11381148776006,0.000616028908554572
181,3.128,3.14159265358979,0.013592653589793,0.43266760171027,0.000616028908554572
182,3.196,3.14159265358979,0.0544073464102071,1.73183962433951,0.000616028908554572
183,3.244,3.14159265358979,0.102407346410207,3.2597270780217,0.000616028908554572
184,3.22,3.14159265358979,0.0784073464102071,2.49578335118061,0.000616028908554572
185,3.128,3.14159265358979,0.013592653589793,0.43266760171027,0.000616028908554572
186,3.24,3.14159265358979,0.0984073464102071,3.13240312354819,0.000616028908554572
187,3.04,3.14159265358979,0.101592653589793,3.23379460012763,0.000616028908554572
188,3.064,3.14159265358979,0.0775926535897931,2.46985087328653,0.000616028908554572
189,3.088,3.14159265358979,0.053592653589793,1.70590714644543,0.000616028908554572
190,3.084,3.14159265358979,0.057592653589793,1.83323110091895,0.000616028908554572
191,3.112,3.14159265358979,0.029592653589793,0.941963419604336,0.000616028908554572
192,3.156,3.14159265358979,0.014407346410207,0.458600079604344,0.000616963421828908
193,3.096,3.14159265358979,0.045592653589793,1.4512592374984,0.000616963421828908
194,3.128,3.14159265358979,0.013592653589793,0.43266760171027,0.000616963421828908
195,3.14,3.14159265358979,0.00159265358979299,0.0506957382897213,0.000616963421828908
196,3.212,3.14159265358979,0.0704073464102071,2.24113544223357,0.000616963421828908
197,3.236,3.14159265358979,0.0944073464102071,3.00507916907467,0.000616963421828908
198,3.132,3.14159265358979,0.009592653589793,0.305343647236754,0.000616963421828908
199,3.14,3.14159265358979,0.00159265358979299,0.0506957382897213,0.000616963421828908
200,3.08,3.14159265358979,0.061592653589793,1.96055505539247,0.000616963421828908
201,3.132,3.14159265358979,0.009592653589793,0.305343647236754,0.000616963421828908
202,3.012,3.14159265358979,0.129592653589793,4.12506228144225,0.000616963421828908
203,3.212,3.14159265358979,0.0704073464102071,2.24113544223357,0.000616963421828908
204,3.136,3.14159265358979,0.005592653589793,0.178019692763238,0.000616963421828908
205,3.144,3.14159265358979,0.00240734641020701,0.0766282161837951,0.000616963421828908
206,3.148,3.14159265358979,0.00640734641020702,0.203952170657311,0.000616963421828908
207,3.096,3.14159265358979,0.045592653589793,1.4512592374984,0.000616963421828908
208,3.248,3.14159265358979,0.106407346410207,3.38705103249522,0.000616963421828908
209,3.112,3.14159265358979,0.029592653589793,0.941963419604336,0.000616963421828908
210,3.052,3.14159265358979,0.0895926535897931,2.85182273670708,0.000616963421828908
211,3.192,3.14159265358979,0.0504073464102071,1.60451566986599,0.000616963421828908
212,3.124,3.14159265358979,0.017592653589793,0.559991556183787,0.000616963421828908
213,3.208,3.14159265358979,0.0664073464102071,2.11381148776006,0.000616963421828908
214,3.092,3.14159265358979,0.049592653589793,1.57858319197192,0.000616963421828908
215,3.144,3.14159265358979,0.00240734641020701,0.0766282161837951,0.000616963421828908
216,3.08,3.14159265358979,0.061592653589793,1.96055505539247,0.000616963421828908
217,3.16,3.14159265358979,0.018407346410207,0.585924034077861,0.000616963421828908
218,3.176,3.14159265358979,0.034407346410207,1.09521985197193,0.000616963421828908
219,3.196,3.14159265358979,0.0544073464102071,1.73183962433951,0.000616963421828908
220,3.276,3.14159265358979,0.134407346410207,4.27831871380982,0.000616963421828908
221,3.14,3.14159265358979,0.00159265358979299,0.0506957382897213,0.000616963421828908
222,3.164,3.14159265358979,0.022407346410207,0.713247988551377,0.000616963421828908
223,3.096,3.14159265358979,0.045592653589793,1.4512592374984,0.000616963421828908
224,3.12,3.14159265358979,0.021592653589793,0.687315510657303,0.000617058407079646
225,3.18,3.14159265358979,0.038407346410207,1.22254380644544,0.000617058407079646
226,3.196,3.14159265358979,0.0544073464102071,1.73183962433951,0.000617058407079646
227,3.132,3.14159265358979,0.009592653589793,0.305343647236754,0.000617058407079646
228,3.156,3.14159265358979,0.014407346410207,0.458600079604344,0.000617058407079646
229,3.244,3.14159265358979,0.102407346410207,3.2597270780217,0.000617058407079646
230,3.096,3.14159265358979,0.045592653589793,1.4512592374984,0.000617058407079646
231,3.12,3.14159265358979,0.021592653589793,0.687315510657303,0.000617058407079646
232,3.216,3.14159265358979,0.0744073464102071,2.36845939670709,0.000617058407079646
233,3.12,3.14159265358979,0.021592653589793,0.687315510657303,0.000617058407079646
234,3.232,3.14159265358979,0.0904073464102071,2.87775521460116,0.000617058407079646
235,3.096,3.14159265358979,0.045592653589793,1.4512592374984,0.000617058407079646
236,3.116,3.14159265358979,0.025592653589793,0.81463946513082,0.000617058407079646
237,3.104,3.14159265358979,0.037592653589793,1.19661132855137,0.000617058407079646
238,3.264,3.14159265358979,0.122407346410207,3.89634685038927,0.000617058407079646
239,3.108,3.14159265358979,0.033592653589793,1.06928737407785,0.000617058407079646
240,3.14,3.14159265358979,0.00159265358979299,0.0506957382897213,0.000617058407079646
241,3.276,3.14159265358979,0.134407346410207,4.27831871380982,0.000617058407079646
242,3.12,3.14159265358979,0.021592653589793,0.687315510657303,0.000617058407079646
243,3.08,3.14159265358979,0.061592653589793,1.96055505539247,0.000617058407079646
244,3.104,3.14159265358979,0.037592653589793,1.19661132855137,0.000617058407079646
245,3.172,3.14159265358979,0.030407346410207,0.96789589749841,0.000617058407079646
246,3.1,3.14159265358979,0.041592653589793,1.32393528302489,0.000617058407079646
247,3.148,3.14159265358979,0.00640734641020702,0.203952170657311,0.000617058407079646
248,3.084,3.14159265358979,0.057592653589793,1.83323110091895,0.000617058407079646
249,3.104,3.14159265358979,0.037592653589793,1.19661132855137,0.000617058407079646
250,3.088,3.14159265358979,0.053592653589793,1.70590714644543,0.000617058407079646
251,3.168,3.14159265358979,0.026407346410207,0.840571943024893,0.000617058407079646
252,3.116,3.14159265358979,0.025592653589793,0.81463946513082,0.000617058407079646
253,3.104,3.14159265358979,0.037592653589793,1.19661132855137,0.000617058407079646
254,3.276,3.14159265358979,0.134407346410207,4.27831871380982,0.000617058407079646
255,3.172,3.14159265358979,0.030407346410207,0.96789589749841,0.000617058407079646
256,3.184,3.14159265358979,0.042407346410207,1.34986776091896,0.000618338053097345
257,3.216,3.14159265358979,0.0744073464102071,2.36845939670709,0.000618338053097345
258,3.052,3.14159265358979,0.0895926535897931,2.85182273670708,0.000618338053097345
259,3.248,3.14159265358979,0.106407346410207,3.38705103249522,0.000618338053097345
260,3.216,3.14159265358979,0.0744073464102071,2.36845939670709,0.000618338053097345
261,3.052,3.14159265358979,0.0895926535897931,2.85182273670708,0.000618338053097345
262,3.072,3.14159265358979,0.0695926535897931,2.2152029643395,0.000618338053097345
263,3.22,3.14159265358979,0.0784073464102071,2.49578335118061,0.000618338053097345
264,3.204,3.14159265358979,0.0624073464102071,1.98648753328654,0.000618338053097345
265,3.112,3.14159265358979,0.029592653589793,0.941963419604336,0.000618338053097345
266,3.1,3.14159265358979,0.041592653589793,1.32393528302489,0.000618338053097345
267,3.108,3.14159265358979,0.033592653589793,1.06928737407785,0.000618338053097345
268,3.184,3.14159265358979,0.042407346410207,1.34986776091896,0.000618338053097345
269,3.08,3.14159265358979,0.061592653589793,1.96055505539247,0.000618338053097345
270,3.108,3.14159265358979,0.033592653589793,1.06928737407785,0.000618338053097345
271,3.048,3.14159265358979,0.0935926535897931,2.9791466911806,0.000618338053097345
272,3.156,3.14159265358979,0.014407346410207,0.458600079604344,0.000618338053097345
273,3.148,3.14159265358979,0.00640734641020702,0.203952170657311,0.000618338053097345
274,3.116,3.14159265358979,0.025592653589793,0.81463946513082,0.000618338053097345
275,3.092,3.14159265358979,0.049592653589793,1.57858319197192,0.000618338053097345
276,3.26,3.14159265358979,0.118407346410207,3.76902289591576,0.000618338053097345
277,3.036,3.14159265358979,0.105592653589793,3.36111855460115,0.000618338053097345
278,3.172,3.14159265358979,0.030407346410207,0.96789589749841,0.000618338053097345
279,3.184,3.14159265358979,0.042407346410207,1.34986776091896,0.000618338053097345
280,3.132,3.14159265358979,0.009592653589793,0.305343647236754,0.000618338053097345
281,3.136,3.14159265358979,0.005592653589793,0.178019692763238,0.000618338053097345
282,3.192,3.14159265358979,0.0504073464102071,1.60451566986599,0.000618338053097345
283,3.196,3.14159265358979,0.0544073464102071,1.73183962433951,0.000618338053097345
284,3.072,3.14159265358979,0.0695926535897931,2.2152029643395,0.000618338053097345
285,3.14,3.14159265358979,0.00159265358979299,0.0506957382897213,0.000618338053097345
286,3.116,3.14159265358979,0.025592653589793,0.81463946513082,0.000618338053097345
287,3.16,3.14159265358979,0.018407346410207,0.585924034077861,0.000618338053097345
288,3.04,3.14159265358979,0.101592653589793,3.23379460012763,0.000618293215339233
289,3.112,3.14159265358979,0.029592653589793,0.941963419604336,0.000618293215339233
290,3.2,3.14159265358979,0.0584073464102071,1.85916357881302,0.000618293215339233
291,3.164,3.14159265358979,0.022407346410207,0.713247988551377,0.000618293215339233
292,3.112,3.14159265358979,0.029592653589793,0.941963419604336,0.000618293215339233
293,3.076,3.14159265358979,0.065592653589793,2.08787900986598,0.000618293215339233
294,3.156,3.14159265358979,0.014407346410207,0.458600079604344,0.000618293215339233
295,3.14,3.14159265358979,0.00159265358979299,0.0506957382897213,0.000618293215339233
296,3.112,3.14159265358979,0.029592653589793,0.941963419604336,0.000618293215339233
297,3.172,3.14159265358979,0.030407346410207,0.96789589749841,0.000618293215339233
298,3.152,3.14159265358979,0.010407346410207,0.331276125130828,0.000618293215339233
299,3.128,3.14159265358979,0.013592653589793,0.43266760171027,0.000618293215339233
300,3.136,3.14159265358979,0.005592653589793,0.178019692763238,0.000618293215339233
301,3.204,3.14159265358979,0.0624073464102071,1.98648753328654,0.000618293215339233
302,3.088,3.14159265358979,0.053592653589793,1.70590714644543,0.000618293215339233
303,3.208,3.14159265358979,0.0664073464102071,2.11381148776006,0.000618293215339233
304,3.176,3.14159265358979,0.034407346410207,1.09521985197193,0.000618293215339233
305,3.108,3.14159265358979,0.033592653589793,1.06928737407785,0.000618293215339233
306,3.128,3.14159265358979,0.013592653589793,0.43266760171027,0.000618293215339233
307,3.144,3.14159265358979,0.00240734641020701,0.0766282161837951,0.000618293215339233
308,3.2,3.14159265358979,0.0584073464102071,1.85916357881302,0.000618293215339233
309,3.16,3.14159265358979,0.018407346410207,0.585924034077861,0.000618293215339233
310,3.12,3.14159265358979,0.021592653589793,0.687315510657303,0.000618293215339233
311,3.1,3.14159265358979,0.041592653589793,1.32393528302489,0.000618293215339233
312,3.196,3.14159265358979,0.0544073464102071,1.73183962433951,0.000618293215339233
313,3.18,3.14159265358979,0.038407346410207,1.22254380644544,0.000618293215339233
314,3.116,3.14159265358979,0.025592653589793,0.81463946513082,0.000618293215339233
315,3.124,3.14159265358979,0.017592653589793,0.559991556183787,0.000618293215339233
316,3.14,3.14159265358979,0.00159265358979299,0.0506957382897213,0.000618293215339233
317,3.192,3.14159265358979,0.0504073464102071,1.60451566986599,0.000618293215339233
318,3.164,3.14159265358979,0.022407346410207,0.713247988551377,0.000618293215339233
319,3.136,3.14159265358979,0.005592653589793,0.178019692763238,0.000618293215339233
320,3.164,3.14159265358979,0.022407346410207,0.713247988551377,0.000618158112094395
321,3.044,3.14159265358979,0.0975926535897931,3.10647064565411,0.000618158112094395
322,3.172,3.14159265358979,0.030407346410207,0.96789589749841,0.000618158112094395
323,3.112,3.14159265358979,0.029592653589793,0.941963419604336,0.000618158112094395
324,3.148,3.14159265358979,0.00640734641020702,0.203952170657311,0.000618158112094395
325,3.164,3.14159265358979,0.022407346410207,0.713247988551377,0.000618158112094395
326,3.1,3.14159265358979,0.041592653589793,1.32393528302489,0.000618158112094395
327,3.192,3.14159265358979,0.0504073464102071,1.60451566986599,0.000618158112094395
328,3.104,3.14159265358979,0.037592653589793,1.19661132855137,0.000618158112094395
329,3.128,3.14159265358979,0.013592653589793,0.43266760171027,0.000618158112094395
330,3.16,3.14159265358979,0.018407346410207,0.585924034077861,0.000618158112094395
331,3.108,3.14159265358979,0.033592653589793,1.06928737407785,0.000618158112094395
332,3.216,3.14159265358979,0.0744073464102071,2.36845939670709,0.000618158112094395
333,3.116,3.14159265358979,0.025592653589793,0.81463946513082,0.000618158112094395
334,3.12,3.14159265358979,0.021592653589793,0.687315510657303,0.000618158112094395
335,3.104,3.14159265358979,0.037592653589793,1.19661132855137,0.000618158112094395
336,3.116,3.14159265358979,0.025592653589793,0.81463946513082,0.000618158112094395
337,3.164,3.14159265358979,0.022407346410207,0.713247988551377,0.000618158112094395
338,3.084,3.14159265358979,0.057592653589793,1.83323110091895,0.000618158112094395
339,3.14,3.14159265358979,0.00159265358979299,0.0506957382897213,0.000618158112094395
340,3.128,3.14159265358979,0.013592653589793,0.43266760171027,0.000618158112094395
341,3.048,3.14159265358979,0.0935926535897931,2.9791466911806,0.000618158112094395
342,3.128,3.14159265358979,0.013592653589793,0.43266760171027,0.000618158112094395
343,3.156,3.14159265358979,0.014407346410207,0.458600079604344,0.000618158112094395
344,3.176,3.14159265358979,0.034407346410207,1.09521985197193,0.000618158112094395
345,3.12,3.14159265358979,0.021592653589793,0.687315510657303,0.000618158112094395
346,3.204,3.14159265358979,0.0624073464102071,1.98648753328654,0.000618158112094395
347,3.26,3.14159265358979,0.118407346410207,3.76902289591576,0.000618158112094395
348,3.108,3.14159265358979,0.033592653589793,1.06928737407785,0.000618158112094395
349,3.124,3.14159265358979,0.017592653589793,0.559991556183787,0.000618158112094395
350,3.26,3.14159265358979,0.118407346410207,3.76902289591576,0.000618158112094395
351,3.212,3.14159265358979,0.0704073464102071,2.24113544223357,0.000618158112094395
352,3.184,3.14159265358979,0.042407346410207,1.34986776091896,0.000618367551622419
353,3.116,3.14159265358979,0.025592653589793,0.81463946513082,0.000618367551622419
354,3.2,3.14159265358979,0.0584073464102071,1.85916357881302,0.000618367551622419
355,3.1,3.14159265358979,0.041592653589793,1.32393528302489,0.000618367551622419
356,3.172,3.14159265358979,0.030407346410207,0.96789589749841,0.000618367551622419
357,3.144,3.14159265358979,0.00240734641020701,0.0766282161837951,0.000618367551622419
358,3.176,3.14159265358979,0.034407346410207,1.09521985197193,0.000618367551622419
359,3.084,3.14159265358979,0.057592653589793,1.83323110091895,0.000618367551622419
360,3.072,3.14159265358979,0.0695926535897931,2.2152029643395,0.000618367551622419
361,3.124,3.14159265358979,0.017592653589793,0.559991556183787,0.000618367551622419
362,3.108,3.14159265358979,0.033592653589793,1.06928737407785,0.000618367551622419
363,3.052,3.14159265358979,0.0895926535897931,2.85182273670708,0.000618367551622419
364,3.16,3.14159265358979,0.018407346410207,0.585924034077861,0.000618367551622419
365,3.136,3.14159265358979,0.005592653589793,0.178019692763238,0.000618367551622419
366,3.112,3.14159265358979,0.029592653589793,0.941963419604336,0.000618367551622419
367,3.036,3.14159265358979,0.105592653589793,3.36111855460115,0.000618367551622419
368,3.072,3.14159265358979,0.0695926535897931,2.2152029643395,0.000618367551622419
369,3.164,3.14159265358979,0.022407346410207,0.713247988551377,0.000618367551622419
370,3.16,3.14159265358979,0.018407346410207,0.585924034077861,0.000618367551622419
371,3.16,3.14159265358979,0.018407346410207,0.585924034077861,0.000618367551622419
372,3.212,3.14159265358979,0.0704073464102071,2.24113544223357,0.000618367551622419
373,3.048,3.14159265358979,0.0935926535897931,2.9791466911806,0.000618367551622419
374,3.12,3.14159265358979,0.021592653589793,0.687315510657303,0.000618367551622419
375,3.144,3.14159265358979,0.00240734641020701,0.0766282161837951,0.000618367551622419
376,3.12,3.14159265358979,0.021592653589793,0.687315510657303,0.000618367551622419
377,3.128,3.14159265358979,0.013592653589793,0.43266760171027,0.000618367551622419
378,3.116,3.14159265358979,0.025592653589793,0.81463946513082,0.000618367551622419
379,3.148,3.14159265358979,0.00640734641020702,0.203952170657311,0.000618367551622419
380,3.112,3.14159265358979,0.029592653589793,0.941963419604336,0.000618367551622419
381,3.108,3.14159265358979,0.033592653589793,1.06928737407785,0.000618367551622419
382,3.144,3.14159265358979,0.00240734641020701,0.0766282161837951,0.000618367551622419
383,3.208,3.14159265358979,0.0664073464102071,2.11381148776006,0.000618367551622419
384,3.212,3.14159265358979,0.0704073464102071,2.24113544223357,0.000617853687315634
385,3.088,3.14159265358979,0.053592653589793,1.70590714644543,0.000617853687315634
386,3.128,3.14159265358979,0.013592653589793,0.43266760171027,0.000617853687315634
387,3.132,3.14159265358979,0.009592653589793,0.305343647236754,0.000617853687315634
388,3.18,3.14159265358979,0.038407346410207,1.22254380644544,0.000617853687315634
389,3.084,3.14159265358979,0.057592653589793,1.83323110091895,0.000617853687315634
390,3.176,3.14159265358979,0.034407346410207,1.09521985197193,0.000617853687315634
391,3.112,3.14159265358979,0.029592653589793,0.941963419604336,0.000617853687315634
392,3.112,3.14159265358979,0.029592653589793,0.941963419604336,0.000617853687315634
393,3.18,3.14159265358979,0.038407346410207,1.22254380644544,0.000617853687315634
394,3.216,3.14159265358979,0.0744073464102071,2.36845939670709,0.000617853687315634
395,3.172,3.14159265358979,0.030407346410207,0.96789589749841,0.000617853687315634
396,3.136,3.14159265358979,0.005592653589793,0.178019692763238,0.000617853687315634
397,3.156,3.14159265358979,0.014407346410207,0.458600079604344,0.000617853687315634
398,3.2,3.14159265358979,0.0584073464102071,1.85916357881302,0.000617853687315634
399,3.16,3.14159265358979,0.018407346410207,0.585924034077861,0.000617853687315634
400,3.148,3.14159265358979,0.00640734641020702,0.203952170657311,0.000617853687315634
401,3.168,3.14159265358979,0.026407346410207,0.840571943024893,0.000617853687315634
402,3.044,3.14159265358979,0.0975926535897931,3.10647064565411,0.000617853687315634
403,3.192,3.14159265358979,0.0504073464102071,1.60451566986599,0.000617853687315634
404,3.144,3.14159265358979,0.00240734641020701,0.0766282161837951,0.000617853687315634
405,3.156,3.14159265358979,0.014407346410207,0.458600079604344,0.000617853687315634
406,3.096,3.14159265358979,0.045592653589793,1.4512592374984,0.000617853687315634
407,3.2,3.14159265358979,0.0584073464102071,1.85916357881302,0.000617853687315634
408,3.148,3.14159265358979,0.00640734641020702,0.203952170657311,0.000617853687315634
409,3.14,3.14159265358979,0.00159265358979299,0.0506957382897213,0.000617853687315634
410,3.216,3.14159265358979,0.0744073464102071,2.36845939670709,0.000617853687315634
411,3.032,3.14159265358979,0.109592653589793,3.48844250907466,0.000617853687315634
412,3.14,3.14159265358979,0.00159265358979299,0.0506957382897213,0.000617853687315634
413,3.092,3.14159265358979,0.049592653589793,1.57858319197192,0.000617853687315634
414,3.076,3.14159265358979,0.065592653589793,2.08787900986598,0.000617853687315634
415,3.048,3.14159265358979,0.0935926535897931,2.9791466911806,0.000617853687315634
416,3.12,3.14159265358979,0.021592653589793,0.687315510657303,0.000617729793510325
417,3.14,3.14159265358979,0.00159265358979299,0.0506957382897213,0.000617729793510325
418,3.156,3.14159265358979,0.014407346410207,0.458600079604344,0.000617729793510325
419,3.1,3.14159265358979,0.041592653589793,1.32393528302489,0.000617729793510325
420,3.212,3.14159265358979,0.0704073464102071,2.24113544223357,0.000617729793510325
421,3.144,3.14159265358979,0.00240734641020701,0.0766282161837951,0.000617729793510325
422,3.172,3.14159265358979,0.030407346410207,0.96789589749841,0.000617729793510325
423,3.212,3.14159265358979,0.0704073464102071,2.24113544223357,0.000617729793510325
424,3.08,3.14159265358979,0.061592653589793,1.96055505539247,0.000617729793510325
425,3.172,3.14159265358979,0.030407346410207,0.96789589749841,0.000617729793510325
426,3.164,3.14159265358979,0.022407346410207,0.713247988551377,0.000617729793510325
427,3.196,3.14159265358979,0.0544073464102071,1.73183962433951,0.000617729793510325
428,3.088,3.14159265358979,0.053592653589793,1.70590714644543,0.000617729793510325
429,3.212,3.14159265358979,0.0704073464102071,2.24113544223357,0.000617729793510325
430,3.128,3.14159265358979,0.013592653589793,0.43266760171027,0.000617729793510325
431,3.132,3.14159265358979,0.009592653589793,0.305343647236754,0.000617729793510325
432,3.216,3.14159265358979,0.0744073464102071,2.36845939670709,0.000617729793510325
433,3.116,3.14159265358979,0.025592653589793,0.81463946513082,0.000617729793510325
434,3.124,3.14159265358979,0.017592653589793,0.559991556183787,0.000617729793510325
435,3.196,3.14159265358979,0.0544073464102071,1.73183962433951,0.000617729793510325
436,3.076,3.14159265358979,0.065592653589793,2.08787900986598,0.000617729793510325
437,3.184,3.14159265358979,0.042407346410207,1.34986776091896,0.000617729793510325
438,3.044,3.14159265358979,0.0975926535897931,3.10647064565411,0.000617729793510325
439,3.08,3.14159265358979,0.061592653589793,1.96055505539247,0.000617729793510325
440,3.116,3.14159265358979,0.025592653589793,0.81463946513082,0.000617729793510325
441,3.096,3.14159265358979,0.045592653589793,1.4512592374984,0.000617729793510325
442,3.12,3.14159265358979,0.021592653589793,0.687315510657303,0.000617729793510325
443,3.172,3.14159265358979,0.030407346410207,0.96789589749841,0.000617729793510325
444,3.172,3.14159265358979,0.030407346410207,0.96789589749841,0.000617729793510325
445,3.164,3.14159265358979,0.022407346410207,0.713247988551377,0.000617729793510325
446,3.18,3.14159265358979,0.038407346410207,1.22254380644544,0.000617729793510325
447,3.148,3.14159265358979,0.00640734641020702,0.203952170657311,0.000617729793510325
448,3.18,3.14159265358979,0.038407346410207,1.22254380644544,0.000617698525073746
449,3.12,3.14159265358979,0.021592653589793,0.687315510657303,0.000617698525073746
450,3.176,3.14159265358979,0.034407346410207,1.09521985197193,0.000617698525073746
451,3.116,3.14159265358979,0.025592653589793,0.81463946513082,0.000617698525073746
452,3.124,3.14159265358979,0.017592653589793,0.559991556183787,0.000617698525073746
453,3.168,3.14159265358979,0.026407346410207,0.840571943024893,0.000617698525073746
454,3.152,3.14159265358979,0.010407346410207,0.331276125130828,0.000617698525073746
455,3.172,3.14159265358979,0.030407346410207,0.96789589749841,0.000617698525073746
456,3.08,3.14159265358979,0.061592653589793,1.96055505539247,0.000617698525073746
457,3.152,3.14159265358979,0.010407346410207,0.331276125130828,0.000617698525073746
458,3.084,3.14159265358979,0.057592653589793,1.83323110091895,0.000617698525073746
459,3.14,3.14159265358979,0.00159265358979299,0.0506957382897213,0.000617698525073746
460,3.096,3.14159265358979,0.045592653589793,1.4512592374984,0.000617698525073746
461,3.196,3.14159265358979,0.0544073464102071,1.73183962433951,0.000617698525073746
462,3.2,3.14159265358979,0.0584073464102071,1.85916357881302,0.000617698525073746
463,3.136,3.14159265358979,0.005592653589793,0.178019692763238,0.000617698525073746
464,3.08,3.14159265358979,0.061592653589793,1.96055505539247,0.000617698525073746
465,3.168,3.14159265358979,0.026407346410207,0.840571943024893,0.000617698525073746
466,3.032,3.14159265358979,0.109592653589793,3.48844250907466,0.000617698525073746
467,3.16,3.14159265358979,0.018407346410207,0.585924034077861,0.000617698525073746
468,3.172,3.14159265358979,0.030407346410207,0.96789589749841,0.000617698525073746
469,3.084,3.14159265358979,0.057592653589793,1.83323110091895,0.000617698525073746
470,3.208,3.14159265358979,0.0664073464102071,2.11381148776006,0.000617698525073746
471,3.168,3.14159265358979,0.026407346410207,0.840571943024893,0.000617698525073746
472,3.184,3.14159265358979,0.042407346410207,1.34986776091896,0.000617698525073746
473,3.156,3.14159265358979,0.014407346410207,0.458600079604344,0.000617698525073746
474,3.036,3.14159265358979,0.105592653589793,3.36111855460115,0.000617698525073746
475,3.212,3.14159265358979,0.0704073464102071,2.24113544223357,0.000617698525073746
476,3.196,3.14159265358979,0.0544073464102071,1.73183962433951,0.000617698525073746
477,3.192,3.14159265358979,0.0504073464102071,1.60451566986599,0.000617698525073746
478,3.224,3.14159265358979,0.0824073464102071,2.62310730565412,0.000617698525073746
479,3.252,3.14159265358979,0.110407346410207,3.51437498696872,0.000617698525073746
480,3.116,3.14159265358979,0.025592653589793,0.81463946513082,0.000617977581120944
481,3.108,3.14159265358979,0.033592653589793,1.06928737407785,0.000617977581120944
482,3.176,3.14159265358979,0.034407346410207,1.09521985197193,0.000617977581120944
483,3.18,3.14159265358979,0.038407346410207,1.22254380644544,0.000617977581120944
484,3.176,3.14159265358979,0.034407346410207,1.09521985197193,0.000617977581120944
485,3.212,3.14159265358979,0.0704073464102071,2.24113544223357,0.000617977581120944
486,3.168,3.14159265358979,0.026407346410207,0.840571943024893,0.000617977581120944
487,3.092,3.14159265358979,0.049592653589793,1.57858319197192,0.000617977581120944
488,3.168,3.14159265358979,0.026407346410207,0.840571943024893,0.000617977581120944
489,3.2,3.14159265358979,0.0584073464102071,1.85916357881302,0.000617977581120944
490,3.108,3.14159265358979,0.033592653589793,1.06928737407785,0.000617977581120944
491,3.144,3.14159265358979,0.00240734641020701,0.0766282161837951,0.000617977581120944
492,3.176,3.14159265358979,0.034407346410207,1.09521985197193,0.000617977581120944
493,3.176,3.14159265358979,0.034407346410207,1.09521985197193,0.000617977581120944
494,3.04,3.14159265358979,0.101592653589793,3.23379460012763,0.000617977581120944
495,3.172,3.14159265358979,0.030407346410207,0.96789589749841,0.000617977581120944
496,3.168,3.14159265358979,0.026407346410207,0.840571943024893,0.000617977581120944
497,3.076,3.14159265358979,0.065592653589793,2.08787900986598,0.000617977581120944
498,3.032,3.14159265358979,0.109592653589793,3.48844250907466,0.000617977581120944
499,3.08,3.14159265358979,0.061592653589793,1.96055505539247,0.000617977581120944
500,3.18,3.14159265358979,0.038407346410207,1.22254380644544,0.000617977581120944
501,3.076,3.14159265358979,0.065592653589793,2.08787900986598,0.000617977581120944
502,3.12,3.14159265358979,0.021592653589793,0.687315510657303,0.000617977581120944
503,3.108,3.14159265358979,0.033592653589793,1.06928737407785,0.000617977581120944
504,3.132,3.14159265358979,0.009592653589793,0.305343647236754,0.000617977581120944
505,3.104,3.14159265358979,0.037592653589793,1.19661132855137,0.000617977581120944
506,3.264,3.14159265358979,0.122407346410207,3.89634685038927,0.000617977581120944
507,3.18,3.14159265358979,0.038407346410207,1.22254380644544,0.000617977581120944
508,3.036,3.14159265358979,0.105592653589793,3.36111855460115,0.000617977581120944
509,3.088,3.14159265358979,0.053592653589793,1.70590714644543,0.000617977581120944
510,3.148,3.14159265358979,0.00640734641020702,0.203952170657311,0.000617977581120944
511,3.096,3.14159265358979,0.045592653589793,1.4512592374984,0.000617977581120944
512,3.104,3.14159265358979,0.037592653589793,1.19661132855137,0.000618215339233038
513,3.148,3.14159265358979,0.00640734641020702,0.203952170657311,0.000618215339233038
514,3.088,3.14159265358979,0.053592653589793,1.70590714644543,0.000618215339233038
515,3.164,3.14159265358979,0.022407346410207,0.713247988551377,0.000618215339233038
516,3.144,3.14159265358979,0.00240734641020701,0.0766282161837951,0.000618215339233038
517,3.044,3.14159265358979,0.0975926535897931,3.10647064565411,0.000618215339233038
518,3.112,3.14159265358979,0.029592653589793,0.941963419604336,0.000618215339233038
519,3.16,3.14159265358979,0.018407346410207,0.585924034077861,0.000618215339233038
520,3.168,3.14159265358979,0.026407346410207,0.840571943024893,0.000618215339233038
521,3.168,3.14159265358979,0.026407346410207,0.840571943024893,0.000618215339233038
522,3.16,3.14159265358979,0.018407346410207,0.585924034077861,0.000618215339233038
523,3.112,3.14159265358979,0.029592653589793,0.941963419604336,0.000618215339233038
524,3.152,3.14159265358979,0.010407346410207,0.331276125130828,0.000618215339233038
525,3.14,3.14159265358979,0.00159265358979299,0.0506957382897213,0.000618215339233038
526,3.036,3.14159265358979,0.105592653589793,3.36111855460115,0.000618215339233038
527,3.152,3.14159265358979,0.010407346410207,0.331276125130828,0.000618215339233038
528,3.164,3.14159265358979,0.022407346410207,0.713247988551377,0.000618215339233038
529,3.12,3.14159265358979,0.021592653589793,0.687315510657303,0.000618215339233038
530,3.068,3.14159265358979,0.0735926535897931,2.34252691881302,0.000618215339233038
531,3.112,3.14159265358979,0.029592653589793,0.941963419604336,0.000618215339233038
532,3.132,3.14159265358979,0.009592653589793,0.305343647236754,0.000618215339233038
533,3.188,3.14159265358979,0.0464073464102071,1.47719171539248,0.000618215339233038
534,3.1,3.14159265358979,0.041592653589793,1.32393528302489,0.000618215339233038
535,3.004,3.14159265358979,0.137592653589793,4.37971019038928,0.000618215339233038
536,3.136,3.14159265358979,0.005592653589793,0.178019692763238,0.000618215339233038
537,3.2,3.14159265358979,0.0584073464102071,1.85916357881302,0.000618215339233038
538,3.276,3.14159265358979,0.134407346410207,4.27831871380982,0.000618215339233038
539,3.076,3.14159265358979,0.065592653589793,2.08787900986598,0.000618215339233038
540,3.036,3.14159265358979,0.105592653589793,3.36111855460115,0.000618215339233038
541,3.228,3.14159265358979,0.0864073464102071,2.75043126012764,0.000618215339233038
542,3.176,3.14159265358979,0.034407346410207,1.09521985197193,0.000618215339233038
543,3.168,3.14159265358979,0.026407346410207,0.840571943024893,0.000618215339233038
544,3.156,3.14159265358979,0.014407346410207,0.458600079604344,0.000618564601769912
545,3.032,3.14159265358979,0.109592653589793,3.48844250907466,0.000618564601769912
546,3.136,3.14159265358979,0.005592653589793,0.178019692763238,0.000618564601769912
547,3.188,3.14159265358979,0.0464073464102071,1.47719171539248,0.000618564601769912
548,3.104,3.14159265358979,0.037592653589793,1.19661132855137,0.000618564601769912
549,3.18,3.14159265358979,0.038407346410207,1.22254380644544,0.000618564601769912
550,3.184,3.14159265358979,0.042407346410207,1.34986776091896,0.000618564601769912
551,3.148,3.14159265358979,0.00640734641020702,0.203952170657311,0.000618564601769912
552,3.14,3.14159265358979,0.00159265358979299,0.0506957382897213,0.000618564601769912
553,3.144,3.14159265358979,0.00240734641020701,0.0766282161837951,0.000618564601769912
554,3.108,3.14159265358979,0.033592653589793,1.06928737407785,0.000618564601769912
555,3.168,3.14159265358979,0.026407346410207,0.840571943024893,0.000618564601769912
556,3.14,3.14159265358979,0.00159265358979299,0.0506957382897213,0.000618564601769912
557,3.224,3.14159265358979,0.0824073464102071,2.62310730565412,0.000618564601769912
558,3.184,3.14159265358979,0.042407346410207,1.34986776091896,0.000618564601769912
559,3.176,3.14159265358979,0.034407346410207,1.09521985197193,0.000618564601769912
560,3.132,3.14159265358979,0.009592653589793,0.305343647236754,0.000618564601769912
561,3.1,3.14159265358979,0.041592653589793,1.32393528302489,0.000618564601769912
562,3.108,3.14159265358979,0.033592653589793,1.06928737407785,0.000618564601769912
563,3.204,3.14159265358979,0.0624073464102071,1.98648753328654,0.000618564601769912
564,3.112,3.14159265358979,0.029592653589793,0.941963419604336,0.000618564601769912
565,3.16,3.14159265358979,0.018407346410207,0.585924034077861,0.000618564601769912
566,3.064,3.14159265358979,0.0775926535897931,2.46985087328653,0.000618564601769912
567,3.12,3.14159265358979,0.021592653589793,0.687315510657303,0.000618564601769912
568,3.088,3.14159265358979,0.053592653589793,1.70590714644543,0.000618564601769912
569,3.108,3.14159265358979,0.033592653589793,1.06928737407785,0.000618564601769912
570,3.056,3.14159265358979,0.0855926535897931,2.72449878223357,0.000618564601769912
571,3.12,3.14159265358979,0.021592653589793,0.687315510657303,0.000618564601769912
572,3.108,3.14159265358979,0.033592653589793,1.06928737407785,0.000618564601769912
573,3.068,3.14159265358979,0.0735926535897931,2.34252691881302,0.000618564601769912
574,3.064,3.14159265358979,0.0775926535897931,2.46985087328653,0.000618564601769912
575,3.124,3.14159265358979,0.017592653589793,0.559991556183787,0.000618564601769912
576,3.188,3.14159265358979,0.0464073464102071,1.47719171539248,0.0006188
577,3.128,3.14159265358979,0.013592653589793,0.43266760171027,0.0006188
578,3.14,3.14159265358979,0.00159265358979299,0.0506957382897213,0.0006188
579,3.084,3.14159265358979,0.057592653589793,1.83323110091895,0.0006188
580,3.128,3.14159265358979,0.013592653589793,0.43266760171027,0.0006188
581,3.22,3.14159265358979,0.0784073464102071,2.49578335118061,0.0006188
582,3.104,3.14159265358979,0.037592653589793,1.19661132855137,0.0006188
583,3.176,3.14159265358979,0.034407346410207,1.09521985197193,0.0006188
584,3.136,3.14159265358979,0.005592653589793,0.178019692763238,0.0006188
585,3.144,3.14159265358979,0.00240734641020701,0.0766282161837951,0.0006188
586,3.172,3.14159265358979,0.030407346410207,0.96789589749841,0.0006188
587,3.204,3.14159265358979,0.0624073464102071,1.98648753328654,0.0006188
588,3.264,3.14159265358979,0.122407346410207,3.89634685038927,0.0006188
589,3.18,3.14159265358979,0.038407346410207,1.22254380644544,0.0006188
590,3.076,3.14159265358979,0.065592653589793,2.08787900986598,0.0006188
591,3.188,3.14159265358979,0.0464073464102071,1.47719171539248,0.0006188
592,3.1,3.14159265358979,0.041592653589793,1.32393528302489,0.0006188
593,3.22,3.14159265358979,0.0784073464102071,2.49578335118061,0.0006188
594,3.1,3.14159265358979,0.041592653589793,1.32393528302489,0.0006188
595,3.2,3.14159265358979,0.0584073464102071,1.85916357881302,0.0006188
596,3.06,3.14159265358979,0.0815926535897931,2.59717482776005,0.0006188
597,3.132,3.14159265358979,0.009592653589793,0.305343647236754,0.0006188
598,3.068,3.14159265358979,0.0735926535897931,2.34252691881302,0.0006188
599,3.096,3.14159265358979,0.045592653589793,1.4512592374984,0.0006188
600,3.272,3.14159265358979,0.130407346410207,4.1509947593363,0.0006188
601,3.044,3.14159265358979,0.0975926535897931,3.10647064565411,0.0006188
602,3.16,3.14159265358979,0.018407346410207,0.585924034077861,0.0006188
603,3.1,3.14159265358979,0.041592653589793,1.32393528302489,0.0006188
604,3.128,3.14159265358979,0.013592653589793,0.43266760171027,0.0006188
605,3.168,3.14159265358979,0.026407346410207,0.840571943024893,0.0006188
606,3,3.14159265358979,0.141592653589793,4.50703414486279,0.0006188
607,3.152,3.14159265358979,0.010407346410207,0.331276125130828,0.0006188
608,3.168,3.14159265358979,0.026407346410207,0.840571943024893,0.000618470206489676
609,3.024,3.14159265358979,0.117592653589793,3.7430904180217,0.000618470206489676
610,3.168,3.14159265358979,0.026407346410207,0.840571943024893,0.000618470206489676
611,3.088,3.14159265358979,0.053592653589793,1.70590714644543,0.000618470206489676
612,3.156,3.14159265358979,0.014407346410207,0.458600079604344,0.000618470206489676
613,3.228,3.14159265358979,0.0864073464102071,2.75043126012764,0.000618470206489676
614,3.136,3.14159265358979,0.005592653589793,0.178019692763238,0.000618470206489676
615,3.084,3.14159265358979,0.057592653589793,1.83323110091895,0.000618470206489676
616,3.132,3.14159265358979,0.009592653589793,0.305343647236754,0.000618470206489676
617,3.192,3.14159265358979,0.0504073464102071,1.60451566986599,0.000618470206489676
618,3.108,3.14159265358979,0.033592653589793,1.06928737407785,0.000618470206489676
619,3.132,3.14159265358979,0.009592653589793,0.305343647236754,0.000618470206489676
620,3.16,3.14159265358979,0.018407346410207,0.585924034077861,0.000618470206489676
621,3,3.14159265358979,0.141592653589793,4.50703414486279,0.000618470206489676
622,3.124,3.14159265358979,0.017592653589793,0.559991556183787,0.000618470206489676
623,3.136,3.14159265358979,0.005592653589793,0.178019692763238,0.000618470206489676
624,3.056,3.14159265358979,0.0855926535897931,2.72449878223357,0.000618470206489676
625,3.104,3.14159265358979,0.037592653589793,1.19661132855137,0.000618470206489676
626,3.1,3.14159265358979,0.041592653589793,1.32393528302489,0.000618470206489676
627,3.176,3.14159265358979,0.034407346410207,1.09521985197193,0.000618470206489676
628,3.076,3.14159265358979,0.065592653589793,2.08787900986598,0.000618470206489676
629,3.044,3.14159265358979,0.0975926535897931,3.10647064565411,0.000618470206489676
630,3.132,3.14159265358979,0.009592653589793,0.305343647236754,0.000618470206489676
631,3.148,3.14159265358979,0.00640734641020702,0.203952170657311,0.000618470206489676
632,3.132,3.14159265358979,0.009592653589793,0.305343647236754,0.000618470206489676
633,3.152,3.14159265358979,0.010407346410207,0.331276125130828,0.000618470206489676
634,3.068,3.14159265358979,0.0735926535897931,2.34252691881302,0.000618470206489676
635,3.128,3.14159265358979,0.013592653589793,0.43266760171027,0.000618470206489676
636,3.192,3.14159265358979,0.0504073464102071,1.60451566986599,0.000618470206489676
637,3.156,3.14159265358979,0.014407346410207,0.458600079604344,0.000618470206489676
638,3.092,3.14159265358979,0.049592653589793,1.57858319197192,0.000618470206489676
639,3.204,3.14159265358979,0.0624073464102071,1.98648753328654,0.000618470206489676
640,3.156,3.14159265358979,0.014407346410207,0.458600079604344,0.000617729203539823
641,3.112,3.14159265358979,0.029592653589793,0.941963419604336,0.000617729203539823
642,3.096,3.14159265358979,0.045592653589793,1.4512592374984,0.000617729203539823
643,3.16,3.14159265358979,0.018407346410207,0.585924034077861,0.000617729203539823
644,3.132,3.14159265358979,0.009592653589793,0.305343647236754,0.000617729203539823
645,3.204,3.14159265358979,0.0624073464102071,1.98648753328654,0.000617729203539823
646,3.06,3.14159265358979,0.0815926535897931,2.59717482776005,0.000617729203539823
647,3.224,3.14159265358979,0.0824073464102071,2.62310730565412,0.000617729203539823
648,3.088,3.14159265358979,0.053592653589793,1.70590714644543,0.000617729203539823
649,3.096,3.14159265358979,0.045592653589793,1.4512592374984,0.000617729203539823
650,3.148,3.14159265358979,0.00640734641020702,0.203952170657311,0.000617729203539823
651,3.216,3.14159265358979,0.0744073464102071,2.36845939670709,0.000617729203539823
652,3.1,3.14159265358979,0.041592653589793,1.32393528302489,0.000617729203539823
653,3.108,3.14159265358979,0.033592653589793,1.06928737407785,0.000617729203539823
654,3.028,3.14159265358979,0.113592653589793,3.61576646354818,0.000617729203539823
655,3.172,3.14159265358979,0.030407346410207,0.96789589749841,0.000617729203539823
656,3.172,3.14159265358979,0.030407346410207,0.96789589749841,0.000617729203539823
657,3.192,3.14159265358979,0.0504073464102071,1.60451566986599,0.000617729203539823
658,3.128,3.14159265358979,0.013592653589793,0.43266760171027,0.000617729203539823
659,3.132,3.14159265358979,0.009592653589793,0.305343647236754,0.000617729203539823
660,3.132,3.14159265358979,0.009592653589793,0.305343647236754,0.000617729203539823
661,3.084,3.14159265358979,0.057592653589793,1.83323110091895,0.000617729203539823
662,3.12,3.14159265358979,0.021592653589793,0.687315510657303,0.000617729203539823
663,3.152,3.14159265358979,0.010407346410207,0.331276125130828,0.000617729203539823
664,3.088,3.14159265358979,0.053592653589793,1.70590714644543,0.000617729203539823
665,3.052,3.14159265358979,0.0895926535897931,2.85182273670708,0.000617729203539823
666,3.124,3.14159265358979,0.017592653589793,0.559991556183787,0.000617729203539823
667,3.128,3.14159265358979,0.013592653589793,0.43266760171027,0.000617729203539823
668,3.172,3.14159265358979,0.030407346410207,0.96789589749841,0.000617729203539823
669,3.132,3.14159265358979,0.009592653589793,0.305343647236754,0.000617729203539823
670,3.144,3.14159265358979,0.00240734641020701,0.0766282161837951,0.000617729203539823
671,3.176,3.14159265358979,0.034407346410207,1.09521985197193,0.000617729203539823
672,3.172,3.14159265358979,0.030407346410207,0.96789589749841,0.000618655457227139
673,3.116,3.14159265358979,0.025592653589793,0.81463946513082,0.000618655457227139
674,3.108,3.14159265358979,0.033592653589793,1.06928737407785,0.000618655457227139
675,3.08,3.14159265358979,0.061592653589793,1.96055505539247,0.000618655457227139
676,3.176,3.14159265358979,0.034407346410207,1.09521985197193,0.000618655457227139
677,3.124,3.14159265358979,0.017592653589793,0.559991556183787,0.000618655457227139
678,3.148,3.14159265358979,0.00640734641020702,0.203952170657311,0.000618655457227139
679,3.144,3.14159265358979,0.00240734641020701,0.0766282161837951,0.000618655457227139
680,3.048,3.14159265358979,0.0935926535897931,2.9791466911806,0.000618655457227139
681,3.156,3.14159265358979,0.014407346410207,0.458600079604344,0.000618655457227139
682,3.164,3.14159265358979,0.022407346410207,0.713247988551377,0.000618655457227139
683,3.048,3.14159265358979,0.0935926535897931,2.9791466911806,0.000618655457227139
684,3.172,3.14159265358979,0.030407346410207,0.96789589749841,0.000618655457227139
685,3.208,3.14159265358979,0.0664073464102071,2.11381148776006,0.000618655457227139
686,3.216,3.14159265358979,0.0744073464102071,2.36845939670709,0.000618655457227139
687,3.14,3.14159265358979,0.00159265358979299,0.0506957382897213,0.000618655457227139
688,3.096,3.14159265358979,0.045592653589793,1.4512592374984,0.000618655457227139
689,3.224,3.14159265358979,0.0824073464102071,2.62310730565412,0.000618655457227139
690,3.12,3.14159265358979,0.021592653589793,0.687315510657303,0.000618655457227139
691,3.096,3.14159265358979,0.045592653589793,1.4512592374984,0.000618655457227139
692,3.084,3.14159265358979,0.057592653589793,1.83323110091895,0.000618655457227139
693,3.152,3.14159265358979,0.010407346410207,0.331276125130828,0.000618655457227139
694,3.188,3.14159265358979,0.0464073464102071,1.47719171539248,0.000618655457227139
695,3.044,3.14159265358979,0.0975926535897931,3.10647064565411,0.000618655457227139
696,3.112,3.14159265358979,0.029592653589793,0.941963419604336,0.000618655457227139
697,3.068,3.14159265358979,0.0735926535897931,2.34252691881302,0.000618655457227139
698,3.184,3.14159265358979,0.042407346410207,1.34986776091896,0.000618655457227139
699,3.152,3.14159265358979,0.010407346410207,0.331276125130828,0.000618655457227139
700,3.064,3.14159265358979,0.0775926535897931,2.46985087328653,0.000618655457227139
701,3.064,3.14159265358979,0.0775926535897931,2.46985087328653,0.000618655457227139
702,3.124,3.14159265358979,0.017592653589793,0.559991556183787,0.000618655457227139
703,3.192,3.14159265358979,0.0504073464102071,1.60451566986599,0.000618655457227139
704,3.216,3.14159265358979,0.0744073464102071,2.36845939670709,0.000618787020648968
705,3.172,3.14159265358979,0.030407346410207,0.96789589749841,0.000618787020648968
706,3.18,3.14159265358979,0.038407346410207,1.22254380644544,0.000618787020648968
707,3.092,3.14159265358979,0.049592653589793,1.57858319197192,0.000618787020648968
708,3.128,3.14159265358979,0.013592653589793,0.43266760171027,0.000618787020648968
709,3.136,3.14159265358979,0.005592653589793,0.178019692763238,0.000618787020648968
710,3.144,3.14159265358979,0.00240734641020701,0.0766282161837951,0.000618787020648968
711,3.22,3.14159265358979,0.0784073464102071,2.49578335118061,0.000618787020648968
712,3.068,3.14159265358979,0.0735926535897931,2.34252691881302,0.000618787020648968
713,3.088,3.14159265358979,0.053592653589793,1.70590714644543,0.000618787020648968
714,3.088,3.14159265358979,0.053592653589793,1.70590714644543,0.000618787020648968
715,3.18,3.14159265358979,0.038407346410207,1.22254380644544,0.000618787020648968
716,3.092,3.14159265358979,0.049592653589793,1.57858319197192,0.000618787020648968
717,3.16,3.14159265358979,0.018407346410207,0.585924034077861,0.000618787020648968
718,3.204,3.14159265358979,0.0624073464102071,1.98648753328654,0.000618787020648968
719,3.168,3.14159265358979,0.026407346410207,0.840571943024893,0.000618787020648968
720,3.14,3.14159265358979,0.00159265358979299,0.0506957382897213,0.000618787020648968
721,3.06,3.14159265358979,0.0815926535897931,2.59717482776005,0.000618787020648968
722,3.192,3.14159265358979,0.0504073464102071,1.60451566986599,0.000618787020648968
723,3.132,3.14159265358979,0.009592653589793,0.305343647236754,0.000618787020648968
724,3.12,3.14159265358979,0.021592653589793,0.687315510657303,0.000618787020648968
725,3.112,3.14159265358979,0.029592653589793,0.941963419604336,0.000618787020648968
726,3.256,3.14159265358979,0.114407346410207,3.64169894144224,0.000618787020648968
727,3.136,3.14159265358979,0.005592653589793,0.178019692763238,0.000618787020648968
728,3.096,3.14159265358979,0.045592653589793,1.4512592374984,0.000618787020648968
729,3.164,3.14159265358979,0.022407346410207,0.713247988551377,0.000618787020648968
730,3.132,3.14159265358979,0.009592653589793,0.305343647236754,0.000618787020648968
731,3.148,3.14159265358979,0.00640734641020702,0.203952170657311,0.000618787020648968
732,3.072,3.14159265358979,0.0695926535897931,2.2152029643395,0.000618787020648968
733,3.028,3.14159265358979,0.113592653589793,3.61576646354818,0.000618787020648968
734,3.184,3.14159265358979,0.042407346410207,1.34986776091896,0.000618787020648968
735,3.144,3.14159265358979,0.00240734641020701,0.0766282161837951,0.000618787020648968
736,3.136,3.14159265358979,0.005592653589793,0.178019692763238,0.000618259587020649
737,3.008,3.14159265358979,0.133592653589793,4.25238623591576,0.000618259587020649
738,3.192,3.14159265358979,0.0504073464102071,1.60451566986599,0.000618259587020649
739,3.164,3.14159265358979,0.022407346410207,0.713247988551377,0.000618259587020649
740,3.224,3.14159265358979,0.0824073464102071,2.62310730565412,0.000618259587020649
741,3.092,3.14159265358979,0.049592653589793,1.57858319197192,0.000618259587020649
742,3.116,3.14159265358979,0.025592653589793,0.81463946513082,0.000618259587020649
743,3.164,3.14159265358979,0.022407346410207,0.713247988551377,0.000618259587020649
744,3.076,3.14159265358979,0.065592653589793,2.08787900986598,0.000618259587020649
745,3.204,3.14159265358979,0.0624073464102071,1.98648753328654,0.000618259587020649
746,3.176,3.14159265358979,0.034407346410207,1.09521985197193,0.000618259587020649
747,3.056,3.14159265358979,0.0855926535897931,2.72449878223357,0.000618259587020649
748,3.16,3.14159265358979,0.018407346410207,0.585924034077861,0.000618259587020649
749,3.136,3.14159265358979,0.005592653589793,0.178019692763238,0.000618259587020649
750,3.232,3.14159265358979,0.0904073464102071,2.87775521460116,0.000618259587020649
751,3.124,3.14159265358979,0.017592653589793,0.559991556183787,0.000618259587020649
752,3.28,3.14159265358979,0.138407346410207,4.40564266828334,0.000618259587020649
753,3.168,3.14159265358979,0.026407346410207,0.840571943024893,0.000618259587020649
754,3.164,3.14159265358979,0.022407346410207,0.713247988551377,0.000618259587020649
755,3.148,3.14159265358979,0.00640734641020702,0.203952170657311,0.000618259587020649
756,3.232,3.14159265358979,0.0904073464102071,2.87775521460116,0.000618259587020649
757,3.12,3.14159265358979,0.021592653589793,0.687315510657303,0.000618259587020649
758,3.104,3.14159265358979,0.037592653589793,1.19661132855137,0.000618259587020649
759,3.124,3.14159265358979,0.017592653589793,0.559991556183787,0.000618259587020649
760,3.164,3.14159265358979,0.022407346410207,0.713247988551377,0.000618259587020649
761,3.168,3.14159265358979,0.026407346410207,0.840571943024893,0.000618259587020649
762,3.188,3.14159265358979,0.0464073464102071,1.47719171539248,0.000618259587020649
763,3.128,3.14159265358979,0.013592653589793,0.43266760171027,0.000618259587020649
764,3.188,3.14159265358979,0.0464073464102071,1.47719171539248,0.000618259587020649
765,3.152,3.14159265358979,0.010407346410207,0.331276125130828,0.000618259587020649
766,3.156,3.14159265358979,0.014407346410207,0.458600079604344,0.000618259587020649
767,3.152,3.14159265358979,0.010407346410207,0.331276125130828,0.000618259587020649
768,3.12,3.14159265358979,0.021592653589793,0.687315510657303,0.000618958702064897
769,3.14,3.14159265358979,0.00159265358979299,0.0506957382897213,0.000618958702064897
770,3.076,3.14159265358979,0.065592653589793,2.08787900986598,0.000618958702064897
771,3.112,3.14159265358979,0.029592653589793,0.941963419604336,0.000618958702064897
772,3.088,3.14159265358979,0.053592653589793,1.70590714644543,0.000618958702064897
773,3.132,3.14159265358979,0.009592653589793,0.305343647236754,0.000618958702064897
774,3.144,3.14159265358979,0.00240734641020701,0.0766282161837951,0.000618958702064897
775,3.084,3.14159265358979,0.057592653589793,1.83323110091895,0.000618958702064897
776,3.104,3.14159265358979,0.037592653589793,1.19661132855137,0.000618958702064897
777,3.1,3.14159265358979,0.041592653589793,1.32393528302489,0.000618958702064897
778,3.084,3.14159265358979,0.057592653589793,1.83323110091895,0.000618958702064897
779,3.268,3.14159265358979,0.126407346410207,4.02367080486279,0.000618958702064897
780,3.148,3.14159265358979,0.00640734641020702,0.203952170657311,0.000618958702064897
781,3.228,3.14159265358979,0.0864073464102071,2.75043126012764,0.000618958702064897
782,3.108,3.14159265358979,0.033592653589793,1.06928737407785,0.000618958702064897
783,3.044,3.14159265358979,0.0975926535897931,3.10647064565411,0.000618958702064897
784,3.172,3.14159265358979,0.030407346410207,0.96789589749841,0.000618958702064897
785,3.084,3.14159265358979,0.057592653589793,1.83323110091895,0.000618958702064897
786,3.076,3.14159265358979,0.065592653589793,2.08787900986598,0.000618958702064897
787,3.224,3.14159265358979,0.0824073464102071,2.62310730565412,0.000618958702064897
788,3.164,3.14159265358979,0.022407346410207,0.713247988551377,0.000618958702064897
789,3.092,3.14159265358979,0.049592653589793,1.57858319197192,0.000618958702064897
790,3.188,3.14159265358979,0.0464073464102071,1.47719171539248,0.000618958702064897
791,3.156,3.14159265358979,0.014407346410207,0.458600079604344,0.000618958702064897
792,3.06,3.14159265358979,0.0815926535897931,2.59717482776005,0.000618958702064897
793,3.148,3.14159265358979,0.00640734641020702,0.203952170657311,0.000618958702064897
794,3.172,3.14159265358979,0.030407346410207,0.96789589749841,0.000618958702064897
795,3.264,3.14159265358979,0.122407346410207,3.89634685038927,0.000618958702064897
796,3.052,3.14159265358979,0.0895926535897931,2.85182273670708,0.000618958702064897
797,3.144,3.14159265358979,0.00240734641020701,0.0766282161837951,0.000618958702064897
798,3.076,3.14159265358979,0.065592653589793,2.08787900986598,0.000618958702064897
799,3.148,3.14159265358979,0.00640734641020702,0.203952170657311,0.000618958702064897
800,3.14,3.14159265358979,0.00159265358979299,0.0506957382897213,0.000619106784660767
801,3.1,3.14159265358979,0.041592653589793,1.32393528302489,0.000619106784660767
802,3.196,3.14159265358979,0.0544073464102071,1.73183962433951,0.000619106784660767
803,3.144,3.14159265358979,0.00240734641020701,0.0766282161837951,0.000619106784660767
804,3.176,3.14159265358979,0.034407346410207,1.09521985197193,0.000619106784660767
805,3.2,3.14159265358979,0.0584073464102071,1.85916357881302,0.000619106784660767
806,3.208,3.14159265358979,0.0664073464102071,2.11381148776006,0.000619106784660767
807,3.2,3.14159265358979,0.0584073464102071,1.85916357881302,0.000619106784660767
808,3.056,3.14159265358979,0.0855926535897931,2.72449878223357,0.000619106784660767
809,3.152,3.14159265358979,0.010407346410207,0.331276125130828,0.000619106784660767
810,3.18,3.14159265358979,0.038407346410207,1.22254380644544,0.000619106784660767
811,3.196,3.14159265358979,0.0544073464102071,1.73183962433951,0.000619106784660767
812,3.128,3.14159265358979,0.013592653589793,0.43266760171027,0.000619106784660767
813,3.068,3.14159265358979,0.0735926535897931,2.34252691881302,0.000619106784660767
814,3.216,3.14159265358979,0.0744073464102071,2.36845939670709,0.000619106784660767
815,3.08,3.14159265358979,0.061592653589793,1.96055505539247,0.000619106784660767
816,3.12,3.14159265358979,0.021592653589793,0.687315510657303,0.000619106784660767
817,3.1,3.14159265358979,0.041592653589793,1.32393528302489,0.000619106784660767
818,3.124,3.14159265358979,0.017592653589793,0.559991556183787,0.000619106784660767
819,3.148,3.14159265358979,0.00640734641020702,0.203952170657311,0.000619106784660767
820,3.136,3.14159265358979,0.005592653589793,0.178019692763238,0.000619106784660767
821,3.104,3.14159265358979,0.037592653589793,1.19661132855137,0.000619106784660767
822,3.124,3.14159265358979,0.017592653589793,0.559991556183787,0.000619106784660767
823,3.228,3.14159265358979,0.0864073464102071,2.75043126012764,0.000619106784660767
824,3.096,3.14159265358979,0.045592653589793,1.4512592374984,0.000619106784660767
825,3.12,3.14159265358979,0.021592653589793,0.687315510657303,0.000619106784660767
826,3.096,3.14159265358979,0.045592653589793,1.4512592374984,0.000619106784660767
827,3.128,3.14159265358979,0.013592653589793,0.43266760171027,0.000619106784660767
828,3.16,3.14159265358979,0.018407346410207,0.585924034077861,0.000619106784660767
829,3.152,3.14159265358979,0.010407346410207,0.331276125130828,0.000619106784660767
830,3.176,3.14159265358979,0.034407346410207,1.09521985197193,0.000619106784660767
831,3.088,3.14159265358979,0.053592653589793,1.70590714644543,0.000619106784660767
832,3.16,3.14159265358979,0.018407346410207,0.585924034077861,0.000618916224188791
833,3.092,3.14159265358979,0.049592653589793,1.57858319197192,0.000618916224188791
834,3.072,3.14159265358979,0.0695926535897931,2.2152029643395,0.000618916224188791
835,3.06,3.14159265358979,0.0815926535897931,2.59717482776005,0.000618916224188791
836,3.164,3.14159265358979,0.022407346410207,0.713247988551377,0.000618916224188791
837,3.212,3.14159265358979,0.0704073464102071,2.24113544223357,0.000618916224188791
838,3.244,3.14159265358979,0.102407346410207,3.2597270780217,0.000618916224188791
839,3.188,3.14159265358979,0.0464073464102071,1.47719171539248,0.000618916224188791
840,3.164,3.14159265358979,0.022407346410207,0.713247988551377,0.000618916224188791
841,3.104,3.14159265358979,0.037592653589793,1.19661132855137,0.000618916224188791
842,3.168,3.14159265358979,0.026407346410207,0.840571943024893,0.000618916224188791
843,3.084,3.14159265358979,0.057592653589793,1.83323110091895,0.000618916224188791
844,3.168,3.14159265358979,0.026407346410207,0.840571943024893,0.000618916224188791
845,3.044,3.14159265358979,0.0975926535897931,3.10647064565411,0.000618916224188791
846,3.088,3.14159265358979,0.053592653589793,1.70590714644543,0.000618916224188791
847,3.148,3.14159265358979,0.00640734641020702,0.203952170657311,0.000618916224188791
848,3.164,3.14159265358979,0.022407346410207,0.713247988551377,0.000618916224188791
849,3.168,3.14159265358979,0.026407346410207,0.840571943024893,0.000618916224188791
850,3.144,3.14159265358979,0.00240734641020701,0.0766282161837951,0.000618916224188791
851,3.196,3.14159265358979,0.0544073464102071,1.73183962433951,0.000618916224188791
852,3.136,3.14159265358979,0.005592653589793,0.178019692763238,0.000618916224188791
853,3.024,3.14159265358979,0.117592653589793,3.7430904180217,0.000618916224188791
854,3.104,3.14159265358979,0.037592653589793,1.19661132855137,0.000618916224188791
855,3.14,3.14159265358979,0.00159265358979299,0.0506957382897213,0.000618916224188791
856,3.084,3.14159265358979,0.057592653589793,1.83323110091895,0.000618916224188791
857,3.128,3.14159265358979,0.013592653589793,0.43266760171027,0.000618916224188791
858,3.136,3.14159265358979,0.005592653589793,0.178019692763238,0.000618916224188791
859,3.052,3.14159265358979,0.0895926535897931,2.85182273670708,0.000618916224188791
860,3.076,3.14159265358979,0.065592653589793,2.08787900986598,0.000618916224188791
861,3.216,3.14159265358979,0.0744073464102071,2.36845939670709,0.000618916224188791
862,3.088,3.14159265358979,0.053592653589793,1.70590714644543,0.000618916224188791
863,3.152,3.14159265358979,0.010407346410207,0.331276125130828,0.000618916224188791
864,3.26,3.14159265358979,0.118407346410207,3.76902289591576,0.000618711504424779
865,3.128,3.14159265358979,0.013592653589793,0.43266760171027,0.000618711504424779
866,3.148,3.14159265358979,0.00640734641020702,0.203952170657311,0.000618711504424779
867,3.108,3.14159265358979,0.033592653589793,1.06928737407785,0.000618711504424779
868,3.14,3.14159265358979,0.00159265358979299,0.0506957382897213,0.000618711504424779
869,3.148,3.14159265358979,0.00640734641020702,0.203952170657311,0.000618711504424779
870,3.14,3.14159265358979,0.00159265358979299,0.0506957382897213,0.000618711504424779
871,3.196,3.14159265358979,0.0544073464102071,1.73183962433951,0.000618711504424779
872,3.064,3.14159265358979,0.0775926535897931,2.46985087328653,0.000618711504424779
873,3.164,3.14159265358979,0.022407346410207,0.713247988551377,0.000618711504424779
874,3.208,3.14159265358979,0.0664073464102071,2.11381148776006,0.000618711504424779
875,3.104,3.14159265358979,0.037592653589793,1.19661132855137,0.000618711504424779
876,3.108,3.14159265358979,0.033592653589793,1.06928737407785,0.000618711504424779
877,3.144,3.14159265358979,0.00240734641020701,0.0766282161837951,0.000618711504424779
878,3.188,3.14159265358979,0.0464073464102071,1.47719171539248,0.000618711504424779
879,3.068,3.14159265358979,0.0735926535897931,2.34252691881302,0.000618711504424779
880,3.196,3.14159265358979,0.0544073464102071,1.73183962433951,0.000618711504424779
881,3.096,3.14159265358979,0.045592653589793,1.4512592374984,0.000618711504424779
882,3.016,3.14159265358979,0.125592653589793,3.99773832696873,0.000618711504424779
883,3.152,3.14159265358979,0.010407346410207,0.331276125130828,0.000618711504424779
884,3.224,3.14159265358979,0.0824073464102071,2.62310730565412,0.000618711504424779
885,3.068,3.14159265358979,0.0735926535897931,2.34252691881302,0.000618711504424779
886,3.148,3.14159265358979,0.00640734641020702,0.203952170657311,0.000618711504424779
887,3.08,3.14159265358979,0.061592653589793,1.96055505539247,0.000618711504424779
888,3.2,3.14159265358979,0.0584073464102071,1.85916357881302,0.000618711504424779
889,3.208,3.14159265358979,0.0664073464102071,2.11381148776006,0.000618711504424779
890,3.128,3.14159265358979,0.013592653589793,0.43266760171027,0.000618711504424779
891,3.096,3.14159265358979,0.045592653589793,1.4512592374984,0.000618711504424779
892,3.136,3.14159265358979,0.005592653589793,0.178019692763238,0.000618711504424779
893,3.108,3.14159265358979,0.033592653589793,1.06928737407785,0.000618711504424779
894,3.136,3.14159265358979,0.005592653589793,0.178019692763238,0.000618711504424779
895,3.188,3.14159265358979,0.0464073464102071,1.47719171539248,0.000618711504424779
896,3.132,3.14159265358979,0.009592653589793,0.305343647236754,0.000618458997050148
897,3.18,3.14159265358979,0.038407346410207,1.22254380644544,0.000618458997050148
898,3.044,3.14159265358979,0.0975926535897931,3.10647064565411,0.000618458997050148
899,3.132,3.14159265358979,0.009592653589793,0.305343647236754,0.000618458997050148
900,3.14,3.14159265358979,0.00159265358979299,0.0506957382897213,0.000618458997050148
901,3.176,3.14159265358979,0.034407346410207,1.09521985197193,0.000618458997050148
902,3.192,3.14159265358979,0.0504073464102071,1.60451566986599,0.000618458997050148
903,3.092,3.14159265358979,0.049592653589793,1.57858319197192,0.000618458997050148
904,3.092,3.14159265358979,0.049592653589793,1.57858319197192,0.000618458997050148
905,3.192,3.14159265358979,0.0504073464102071,1.60451566986599,0.000618458997050148
906,3.08,3.14159265358979,0.061592653589793,1.96055505539247,0.000618458997050148
907,3.216,3.14159265358979,0.0744073464102071,2.36845939670709,0.000618458997050148
908,3.172,3.14159265358979,0.030407346410207,0.96789589749841,0.000618458997050148
909,3.228,3.14159265358979,0.0864073464102071,2.75043126012764,0.000618458997050148
910,3.136,3.14159265358979,0.005592653589793,0.178019692763238,0.000618458997050148
911,3.192,3.14159265358979,0.0504073464102071,1.60451566986599,0.000618458997050148
912,3.12,3.14159265358979,0.021592653589793,0.687315510657303,0.000618458997050148
913,3.188,3.14159265358979,0.0464073464102071,1.47719171539248,0.000618458997050148
914,3.144,3.14159265358979,0.00240734641020701,0.0766282161837951,0.000618458997050148
915,3.16,3.14159265358979,0.018407346410207,0.585924034077861,0.000618458997050148
916,3.124,3.14159265358979,0.017592653589793,0.559991556183787,0.000618458997050148
917,3.16,3.14159265358979,0.018407346410207,0.585924034077861,0.000618458997050148
918,3.156,3.14159265358979,0.014407346410207,0.458600079604344,0.000618458997050148
919,3.076,3.14159265358979,0.065592653589793,2.08787900986598,0.000618458997050148
920,3.092,3.14159265358979,0.049592653589793,1.57858319197192,0.000618458997050148
921,3.128,3.14159265358979,0.013592653589793,0.43266760171027,0.000618458997050148
922,3.1,3.14159265358979,0.041592653589793,1.32393528302489,0.000618458997050148
923,3.12,3.14159265358979,0.021592653589793,0.687315510657303,0.000618458997050148
924,3.152,3.14159265358979,0.010407346410207,0.331276125130828,0.000618458997050148
925,3.148,3.14159265358979,0.00640734641020702,0.203952170657311,0.000618458997050148
926,3.172,3.14159265358979,0.030407346410207,0.96789589749841,0.000618458997050148
927,3.212,3.14159265358979,0.0704073464102071,2.24113544223357,0.000618458997050148
928,3.152,3.14159265358979,0.010407346410207,0.331276125130828,0.000618750442477876
929,3.036,3.14159265358979,0.105592653589793,3.36111855460115,0.000618750442477876
930,3.104,3.14159265358979,0.037592653589793,1.19661132855137,0.000618750442477876
931,3.16,3.14159265358979,0.018407346410207,0.585924034077861,0.000618750442477876
932,3.152,3.14159265358979,0.010407346410207,0.331276125130828,0.000618750442477876
933,3.132,3.14159265358979,0.009592653589793,0.305343647236754,0.000618750442477876
934,3.216,3.14159265358979,0.0744073464102071,2.36845939670709,0.000618750442477876
935,3.088,3.14159265358979,0.053592653589793,1.70590714644543,0.000618750442477876
936,3.136,3.14159265358979,0.005592653589793,0.178019692763238,0.000618750442477876
937,3.124,3.14159265358979,0.017592653589793,0.559991556183787,0.000618750442477876
938,3.084,3.14159265358979,0.057592653589793,1.83323110091895,0.000618750442477876
939,3.152,3.14159265358979,0.010407346410207,0.331276125130828,0.000618750442477876
940,3.112,3.14159265358979,0.029592653589793,0.941963419604336,0.000618750442477876
941,3.216,3.14159265358979,0.0744073464102071,2.36845939670709,0.000618750442477876
942,3.232,3.14159265358979,0.0904073464102071,2.87775521460116,0.000618750442477876
943,3.24,3.14159265358979,0.0984073464102071,3.13240312354819,0.000618750442477876
944,3.192,3.14159265358979,0.0504073464102071,1.60451566986599,0.000618750442477876
945,3.244,3.14159265358979,0.102407346410207,3.2597270780217,0.000618750442477876
946,3.108,3.14159265358979,0.033592653589793,1.06928737407785,0.000618750442477876
947,3.088,3.14159265358979,0.053592653589793,1.70590714644543,0.000618750442477876
948,3.172,3.14159265358979,0.030407346410207,0.96789589749841,0.000618750442477876
949,3.12,3.14159265358979,0.021592653589793,0.687315510657303,0.000618750442477876
950,3.188,3.14159265358979,0.0464073464102071,1.47719171539248,0.000618750442477876
951,3.248,3.14159265358979,0.106407346410207,3.38705103249522,0.000618750442477876
952,3.128,3.14159265358979,0.013592653589793,0.43266760171027,0.000618750442477876
953,3.12,3.14159265358979,0.021592653589793,0.687315510657303,0.000618750442477876
954,3.2,3.14159265358979,0.0584073464102071,1.85916357881302,0.000618750442477876
955,3.12,3.14159265358979,0.021592653589793,0.687315510657303,0.000618750442477876
956,3.092,3.14159265358979,0.049592653589793,1.57858319197192,0.000618750442477876
957,3.204,3.14159265358979,0.0624073464102071,1.98648753328654,0.000618750442477876
958,3.132,3.14159265358979,0.009592653589793,0.305343647236754,0.000618750442477876
959,3.084,3.14159265358979,0.057592653589793,1.83323110091895,0.000618750442477876
960,3.108,3.14159265358979,0.033592653589793,1.06928737407785,0.00061840412979351
961,3.152,3.14159265358979,0.010407346410207,0.331276125130828,0.00061840412979351
962,3.184,3.14159265358979,0.042407346410207,1.34986776091896,0.00061840412979351
963,3.088,3.14159265358979,0.053592653589793,1.70590714644543,0.00061840412979351
964,3.012,3.14159265358979,0.129592653589793,4.12506228144225,0.00061840412979351
965,3.132,3.14159265358979,0.009592653589793,0.305343647236754,0.00061840412979351
966,3.148,3.14159265358979,0.00640734641020702,0.203952170657311,0.00061840412979351
967,3.168,3.14159265358979,0.026407346410207,0.840571943024893,0.00061840412979351
968,3.168,3.14159265358979,0.026407346410207,0.840571943024893,0.00061840412979351
969,3.132,3.14159265358979,0.009592653589793,0.305343647236754,0.00061840412979351
970,3.136,3.14159265358979,0.005592653589793,0.178019692763238,0.00061840412979351
971,3.096,3.14159265358979,0.045592653589793,1.4512592374984,0.00061840412979351
972,3.08,3.14159265358979,0.061592653589793,1.96055505539247,0.00061840412979351
973,3.104,3.14159265358979,0.037592653589793,1.19661132855137,0.00061840412979351
974,3.148,3.14159265358979,0.00640734641020702,0.203952170657311,0.00061840412979351
975,3.188,3.14159265358979,0.0464073464102071,1.47719171539248,0.00061840412979351
976,3.168,3.14159265358979,0.026407346410207,0.840571943024893,0.00061840412979351
977,3.144,3.14159265358979,0.00240734641020701,0.0766282161837951,0.00061840412979351
978,3.124,3.14159265358979,0.017592653589793,0.559991556183787,0.00061840412979351
979,3.156,3.14159265358979,0.014407346410207,0.458600079604344,0.00061840412979351
980,3.176,3.14159265358979,0.034407346410207,1.09521985197193,0.00061840412979351
981,3.092,3.14159265358979,0.049592653589793,1.57858319197192,0.00061840412979351
982,3.228,3.14159265358979,0.0864073464102071,2.75043126012764,0.00061840412979351
983,3.212,3.14159265358979,0.0704073464102071,2.24113544223357,0.00061840412979351
984,3.152,3.14159265358979,0.010407346410207,0.331276125130828,0.00061840412979351
985,3.192,3.14159265358979,0.0504073464102071,1.60451566986599,0.00061840412979351
986,3.128,3.14159265358979,0.013592653589793,0.43266760171027,0.00061840412979351
987,3.136,3.14159265358979,0.005592653589793,0.178019692763238,0.00061840412979351
988,3.108,3.14159265358979,0.033592653589793,1.06928737407785,0.00061840412979351
989,3.104,3.14159265358979,0.037592653589793,1.19661132855137,0.00061840412979351
990,3.18,3.14159265358979,0.038407346410207,1.22254380644544,0.00061840412979351
991,3.124,3.14159265358979,0.017592653589793,0.559991556183787,0.00061840412979351
992,3.084,3.14159265358979,0.057592653589793,1.83323110091895,0.000618227728613569
993,3.14,3.14159265358979,0.00159265358979299,0.0506957382897213,0.000618227728613569
994,3.156,3.14159265358979,0.014407346410207,0.458600079604344,0.000618227728613569
995,3.116,3.14159265358979,0.025592653589793,0.81463946513082,0.000618227728613569
996,3.152,3.14159265358979,0.010407346410207,0.331276125130828,0.000618227728613569
997,3.06,3.14159265358979,0.0815926535897931,2.59717482776005,0.000618227728613569
998,3.184,3.14159265358979,0.042407346410207,1.34986776091896,0.000618227728613569
999,3.028,3.14159265358979,0.113592653589793,3.61576646354818,0.000618227728613569
1000,3.104,3.14159265358979,0.037592653589793,1.19661132855137,0.000618227728613569
1001,3.148,3.14159265358979,0.00640734641020702,0.203952170657311,0.000618227728613569
1002,3.184,3.14159265358979,0.042407346410207,1.34986776091896,0.000618227728613569
1003,3.184,3.14159265358979,0.042407346410207,1.34986776091896,0.000618227728613569
1004,3.048,3.14159265358979,0.0935926535897931,2.9791466911806,0.000618227728613569
1005,3.168,3.14159265358979,0.026407346410207,0.840571943024893,0.000618227728613569
1006,3.104,3.14159265358979,0.037592653589793,1.19661132855137,0.000618227728613569
1007,3.172,3.14159265358979,0.030407346410207,0.96789589749841,0.000618227728613569
1008,3.072,3.14159265358979,0.0695926535897931,2.2152029643395,0.000618227728613569
1009,3.24,3.14159265358979,0.0984073464102071,3.13240312354819,0.000618227728613569
1010,3.124,3.14159265358979,0.017592653589793,0.559991556183787,0.000618227728613569
1011,3.148,3.14159265358979,0.00640734641020702,0.203952170657311,0.000618227728613569
1012,3.148,3.14159265358979,0.00640734641020702,0.203952170657311,0.000618227728613569
1013,3.18,3.14159265358979,0.038407346410207,1.22254380644544,0.000618227728613569
1014,3.248,3.14159265358979,0.106407346410207,3.38705103249522,0.000618227728613569
1015,3.148,3.14159265358979,0.00640734641020702,0.203952170657311,0.000618227728613569
1016,3.096,3.14159265358979,0.045592653589793,1.4512592374984,0.000618227728613569
1017,3.172,3.14159265358979,0.030407346410207,0.96789589749841,0.000618227728613569
1018,3.204,3.14159265358979,0.0624073464102071,1.98648753328654,0.000618227728613569
1019,3.228,3.14159265358979,0.0864073464102071,2.75043126012764,0.000618227728613569
1020,3.176,3.14159265358979,0.034407346410207,1.09521985197193,0.000618227728613569
1021,3.088,3.14159265358979,0.053592653589793,1.70590714644543,0.000618227728613569
1022,3.148,3.14159265358979,0.00640734641020702,0.203952170657311,0.000618227728613569
1023,3.112,3.14159265358979,0.029592653589793,0.941963419604336,0.000618227728613569
