,Mexico,South Africa,South Korea,Czechia,Canada,Bosnia and Herzegovina,Qatar,Switzerland,Brazil,Morocco,Haiti,Scotland,United States,Paraguay,Australia,Turkiye,Germany,Curacao,Ivory Coast,Ecuador,Netherlands,Japan,Sweden,Tunisia,Belgium,Egypt,Iran,New Zealand,Spain,Cape Verde,Saudi Arabia,Uruguay,France,Senegal,Iraq,Norway,Argentina,Algeria,Austria,Jordan,Portugal,DR Congo,Uzbekistan,Colombia,England,Croatia,Ghana,Panama
Mexico,0.0,1.3054,1.1587,1.1587,1.0775,1.3442,1.3676,1.1051,0.9338,1.0258,1.1462,1.3673,1.3518,1.1953,1.1597,1.1587,1.0093,1.4433,1.1587,1.0114,0.9969,1.0602,1.2832,1.0962,0.9564,1.1888,1.0996,1.6476,0.86,1.1587,1.4904,1.0227,0.8703,1.192,1.2484,1.202,0.8515,1.0285,1.1524,1.3943,0.9249,1.1587,1.2512,0.9279,0.9728,1.1105,1.4075,1.5917
South Africa,0.9842,0.0,1.0479,1.0479,0.9745,1.2157,1.2369,0.9995,0.8445,0.9277,1.0366,1.2366,1.2226,1.081,1.0488,1.0479,0.9128,1.3054,1.0479,0.9147,0.9016,0.9589,1.1605,0.9914,0.8649,1.0752,0.9945,1.4901,0.7778,1.0479,1.3479,0.925,0.7871,1.0781,1.1291,1.0871,0.7701,0.9302,1.0423,1.261,0.8365,1.0479,1.1316,0.8392,0.8798,1.0044,1.273,1.4395
South Korea,1.1128,1.3349,0.0,1.1849,1.1019,1.3746,1.3985,1.1301,0.9549,1.049,1.1721,1.3982,1.3824,1.2223,1.1859,1.1849,1.0321,1.476,1.1849,1.0342,1.0195,1.0842,1.3122,1.121,0.978,1.2157,1.1245,1.6848,0.8795,1.1849,1.5241,1.0459,0.89,1.219,1.2766,1.2292,0.8708,1.0518,1.1785,1.4258,0.9458,1.1849,1.2795,0.9489,0.9948,1.1356,1.4393,1.6277
Czechia,1.1128,1.3349,1.1849,0.0,1.1019,1.3746,1.3985,1.1301,0.9549,1.049,1.1721,1.3982,1.3824,1.2223,1.1859,1.1849,1.0321,1.476,1.1849,1.0342,1.0195,1.0842,1.3122,1.121,0.978,1.2157,1.1245,1.6848,0.8795,1.1849,1.5241,1.0459,0.89,1.219,1.2766,1.2292,0.8708,1.0518,1.1785,1.4258,0.9458,1.1849,1.2795,0.9489,0.9948,1.1356,1.4393,1.6277
Canada,1.0583,1.2694,1.1268,1.1268,0.0,1.3072,1.33,1.0747,0.9081,0.9976,1.1146,1.3296,1.3146,1.1624,1.1278,1.1268,0.9815,1.4036,1.1268,0.9835,0.9695,1.0311,1.2478,1.066,0.93,1.1561,1.0693,1.6022,0.8364,1.1268,1.4494,0.9946,0.8463,1.1592,1.214,1.1689,0.8281,1.0002,1.1207,1.3559,0.8994,1.1268,1.2168,0.9024,0.946,1.08,1.3688,1.5479
Bosnia and Herzegovina,0.9319,1.1179,0.9923,0.9923,0.9228,0.0,1.1712,0.9464,0.7997,0.8784,0.9815,1.1709,1.1576,1.0236,0.9931,0.9923,0.8643,1.236,0.9923,0.8661,0.8537,0.9079,1.0988,0.9388,0.819,1.0181,0.9417,1.4109,0.7365,0.9923,1.2763,0.8758,0.7453,1.0208,1.0691,1.0294,0.7292,0.8808,0.9869,1.194,0.792,0.9923,1.0715,0.7946,0.8331,0.951,1.2053,1.363
Qatar,0.9002,1.0798,0.9585,0.9585,0.8914,1.112,0.0,0.9142,0.7725,0.8486,0.9481,1.1311,1.1183,0.9888,0.9593,0.9585,0.8349,1.194,0.9585,0.8366,0.8247,0.8771,1.0615,0.9068,0.7911,0.9834,0.9096,1.3629,0.7115,0.9585,1.2329,0.846,0.7199,0.9861,1.0327,0.9944,0.7044,0.8508,0.9533,1.1534,0.7651,0.9585,1.035,0.7676,0.8047,0.9187,1.1643,1.3167
Switzerland,1.2594,1.5107,1.341,1.341,1.247,1.5557,1.5828,0.0,1.0807,1.1872,1.3265,1.5824,1.5645,1.3833,1.3421,1.341,1.1681,1.6704,1.341,1.1705,1.1538,1.227,1.485,1.2687,1.1068,1.3759,1.2726,1.9067,0.9953,1.341,1.7249,1.1836,1.0072,1.3795,1.4448,1.3911,0.9855,1.1903,1.3337,1.6136,1.0704,1.341,1.448,1.0739,1.1259,1.2852,1.6289,1.8421
Brazil,1.4669,1.7596,1.5619,1.5619,1.4525,1.812,1.8435,1.4896,0.0,1.3827,1.545,1.843,1.8222,1.6112,1.5632,1.5619,1.3605,1.9456,1.5619,1.3633,1.3438,1.4292,1.7297,1.4777,1.2892,1.6025,1.4822,2.2209,1.1593,1.5619,2.009,1.3786,1.1731,1.6068,1.6828,1.6203,1.1479,1.3864,1.5534,1.8794,1.2467,1.5619,1.6866,1.2508,1.3113,1.497,1.8973,2.1455
Morocco,1.1858,1.4224,1.2626,1.2626,1.1741,1.4647,1.4902,1.2041,1.0175,0.0,1.2489,1.4898,1.473,1.3024,1.2636,1.2626,1.0998,1.5727,1.2626,1.102,1.0863,1.1553,1.3982,1.1945,1.0421,1.2954,1.1982,1.7952,0.9371,1.2626,1.624,1.1144,0.9483,1.2989,1.3603,1.3098,0.9279,1.1207,1.2557,1.5192,1.0078,1.2626,1.3633,1.0111,1.06,1.2101,1.5337,1.7343
Haiti,1.1236,1.3477,1.1963,1.1963,1.1125,1.3879,1.412,1.141,0.9641,1.0591,0.0,1.4117,1.3957,1.2341,1.1973,1.1963,1.0421,1.4902,1.1963,1.0442,1.0293,1.0947,1.3248,1.1318,0.9874,1.2274,1.1353,1.7011,0.888,1.1963,1.5388,1.056,0.8986,1.2307,1.2889,1.2411,0.8792,1.0619,1.1899,1.4395,0.9549,1.1963,1.2918,0.9581,1.0044,1.1466,1.4532,1.6434
Scotland,1.0262,1.231,1.0927,1.0927,1.0161,1.2676,1.2897,1.0421,0.8806,0.9673,1.0808,0.0,1.2748,1.1272,1.0936,1.0927,0.9518,1.3611,1.0927,0.9537,0.9401,0.9998,1.21,1.0337,0.9019,1.1211,1.0369,1.5537,0.811,1.0927,1.4055,0.9645,0.8207,1.1241,1.1772,1.1335,0.803,0.9699,1.0868,1.3148,0.8722,1.0927,1.1799,0.875,0.9174,1.0472,1.3273,1.501
United States,1.0887,1.306,1.1593,1.1593,1.0781,1.3449,1.3683,1.1056,0.9342,1.0263,1.1467,1.3679,0.0,1.1959,1.1602,1.1593,1.0098,1.444,1.1593,1.0119,0.9974,1.0608,1.2838,1.0967,0.9568,1.1894,1.1001,1.6484,0.8605,1.1593,1.4911,1.0232,0.8707,1.1926,1.249,1.2026,0.852,1.029,1.153,1.3949,0.9253,1.1593,1.2518,0.9284,0.9733,1.1111,1.4082,1.5924
Paraguay,1.0493,1.2587,1.1173,1.1173,1.039,1.2962,1.3187,1.0656,0.9004,0.9891,1.1052,1.3184,1.3035,0.0,1.1182,1.1173,0.9732,1.3917,1.1173,0.9752,0.9613,1.0223,1.2373,1.057,0.9222,1.1463,1.0603,1.5887,0.8293,1.1173,1.4371,0.9862,0.8392,1.1494,1.2038,1.1591,0.8211,0.9917,1.1112,1.3444,0.8918,1.1173,1.2065,0.8947,0.938,1.0708,1.3572,1.5348
Australia,1.0842,1.3006,1.1545,1.1545,1.0736,1.3393,1.3626,1.101,0.9304,1.022,1.142,1.3623,1.3469,1.1909,0.0,1.1545,1.0056,1.438,1.1545,1.0077,0.9933,1.0564,1.2785,1.0922,0.9529,1.1845,1.0956,1.6415,0.8569,1.1545,1.4849,1.019,0.8671,1.1877,1.2438,1.1976,0.8484,1.0247,1.1482,1.3892,0.9215,1.1545,1.2466,0.9245,0.9693,1.1065,1.4024,1.5858
Turkiye,1.1128,1.3349,1.1849,1.1849,1.1019,1.3746,1.3985,1.1301,0.9549,1.049,1.1721,1.3982,1.3824,1.2223,1.1859,0.0,1.0321,1.476,1.1849,1.0342,1.0195,1.0842,1.3122,1.121,0.978,1.2157,1.1245,1.6848,0.8795,1.1849,1.5241,1.0459,0.89,1.219,1.2766,1.2292,0.8708,1.0518,1.1785,1.4258,0.9458,1.1849,1.2795,0.9489,0.9948,1.1356,1.4393,1.6277
Germany,1.4426,1.7304,1.536,1.536,1.4284,1.7819,1.813,1.4649,1.2379,1.3598,1.5194,1.8125,1.792,1.5845,1.5373,1.536,0.0,1.9133,1.536,1.3407,1.3216,1.4055,1.701,1.4532,1.2678,1.576,1.4577,2.1841,1.1401,1.536,1.9757,1.3558,1.1537,1.5802,1.6549,1.5934,1.1288,1.3634,1.5277,1.8483,1.2261,1.536,1.6586,1.2301,1.2896,1.4722,1.8658,2.11
Curacao,0.9142,1.0966,0.9734,0.9734,0.9052,1.1292,1.1489,0.9284,0.7845,0.8617,0.9629,1.1486,1.1356,1.0041,0.9742,0.9734,0.8479,0.0,0.9734,0.8496,0.8375,0.8907,1.078,0.9209,0.8034,0.9987,0.9238,1.3841,0.7225,0.9734,1.252,0.8592,0.7311,1.0014,1.0487,1.0098,0.7154,0.864,0.9681,1.1713,0.777,0.9734,1.0511,0.7795,0.8172,0.9329,1.1824,1.3371
Ivory Coast,1.1128,1.3349,1.1849,1.1849,1.1019,1.3746,1.3985,1.1301,0.9549,1.049,1.1721,1.3982,1.3824,1.2223,1.1859,1.1849,1.0321,1.476,0.0,1.0342,1.0195,1.0842,1.3122,1.121,0.978,1.2157,1.1245,1.6848,0.8795,1.1849,1.5241,1.0459,0.89,1.219,1.2766,1.2292,0.8708,1.0518,1.1785,1.4258,0.9458,1.1849,1.2795,0.9489,0.9948,1.1356,1.4393,1.6277
Ecuador,1.1305,1.3561,1.2038,1.2038,1.1194,1.3965,1.4208,1.1481,0.9701,1.0657,1.1907,1.4204,1.4044,1.2418,1.2048,1.2038,1.0485,1.4995,1.2038,0.0,1.0357,1.1015,1.3331,1.1388,0.9936,1.2351,1.1424,1.7116,0.8935,1.2038,1.5483,1.0625,0.9041,1.2384,1.2969,1.2488,0.8847,1.0685,1.1972,1.4485,0.9608,1.2038,1.2998,0.964,1.0106,1.1537,1.4622,1.6536
Netherlands,1.3609,1.6324,1.449,1.449,1.3475,1.681,1.7103,1.382,1.1678,1.2828,1.4333,1.7099,1.6905,1.4948,1.4503,1.449,1.2622,1.805,1.449,1.2648,0.0,1.3259,1.6047,1.3709,1.196,1.4867,1.3751,2.0604,1.0755,1.449,1.8638,1.279,1.0884,1.4907,1.5612,1.5032,1.0649,1.2862,1.4412,1.7436,1.1566,1.449,1.5647,1.1604,1.2166,1.3888,1.7602,1.9905
Japan,1.2029,1.4429,1.2808,1.2808,1.191,1.4858,1.5117,1.2215,1.0322,1.1339,1.2669,1.5113,1.4942,1.3212,1.2818,1.2808,1.1156,1.5954,1.2808,1.1179,1.102,0.0,1.4183,1.2117,1.0571,1.3141,1.2154,1.8211,0.9507,1.2808,1.6474,1.1305,0.962,1.3176,1.3799,1.3287,0.9412,1.1369,1.2738,1.5411,1.0223,1.2808,1.383,1.0257,1.0753,1.2275,1.5558,1.7594
Sweden,1.0749,1.2894,1.1446,1.1446,1.0644,1.3278,1.3509,1.0916,0.9224,1.0133,1.1322,1.3506,1.3353,1.1807,1.1455,1.1446,0.997,1.4257,1.1446,0.999,0.9848,1.0473,0.0,1.0828,0.9447,1.1743,1.0862,1.6274,0.8495,1.1446,1.4722,1.0103,0.8597,1.1775,1.2331,1.1873,0.8411,1.0159,1.1384,1.3772,0.9136,1.1446,1.2359,0.9166,0.9609,1.097,1.3903,1.5722
Tunisia,1.0755,1.2901,1.1452,1.1452,1.065,1.3285,1.3517,1.0922,0.9229,1.0138,1.1328,1.3513,1.336,1.1814,1.1462,1.1452,0.9975,1.4265,1.1452,0.9996,0.9853,1.0479,1.2682,0.0,0.9452,1.175,1.0868,1.6283,0.85,1.1452,1.473,1.0108,0.8601,1.1781,1.2338,1.188,0.8416,1.0165,1.139,1.378,0.9141,1.1452,1.2366,0.9171,0.9615,1.0976,1.3911,1.5731
Belgium,1.5341,1.8402,1.6335,1.6335,1.5191,1.895,1.928,1.5579,1.3164,1.4461,1.6158,1.9275,1.9057,1.6851,1.6349,1.6335,1.4229,2.0348,1.6335,1.4258,1.4055,1.4947,1.8089,1.5454,0.0,1.676,1.5502,2.3227,1.2125,1.6335,2.1011,1.4418,1.2269,1.6805,1.7599,1.6946,1.2005,1.45,1.6247,1.9656,1.3039,1.6335,1.7639,1.3081,1.3714,1.5656,1.9843,2.2439
Egypt,0.9671,1.1601,1.0298,1.0298,0.9576,1.1947,1.2155,0.9821,0.8299,0.9117,1.0186,1.2152,1.2014,1.0623,1.0307,1.0298,0.897,1.2828,1.0298,0.8988,0.886,0.9423,1.1404,0.9743,0.85,0.0,0.9773,1.4643,0.7644,1.0298,1.3246,0.909,0.7735,1.0594,1.1095,1.0683,0.7568,0.9141,1.0242,1.2391,0.822,1.0298,1.112,0.8247,0.8646,0.987,1.2509,1.4146
Iran,1.1699,1.4034,1.2457,1.2457,1.1585,1.4452,1.4703,1.1881,1.0039,1.1028,1.2322,1.47,1.4533,1.2851,1.2468,1.2457,1.0851,1.5517,1.2457,1.0873,1.0718,1.1399,1.3795,1.1785,1.0282,1.2781,0.0,1.7713,0.9246,1.2457,1.6023,1.0996,0.9357,1.2815,1.3421,1.2923,0.9155,1.1058,1.239,1.499,0.9943,1.2457,1.3452,0.9976,1.0459,1.1939,1.5132,1.7112
New Zealand,0.7979,0.9571,0.8496,0.8496,0.7901,0.9856,1.0028,0.8103,0.6847,0.7521,0.8404,1.0025,0.9912,0.8764,0.8503,0.8496,0.74,1.0583,0.8496,0.7416,0.731,0.7774,0.9409,0.8038,0.7012,0.8717,0.8063,0.0,0.6306,0.8496,1.0928,0.7499,0.6381,0.874,0.9154,0.8814,0.6244,0.7541,0.845,1.0223,0.6782,0.8496,0.9174,0.6804,0.7133,0.8143,1.032,1.1671
Spain,1.5834,1.8993,1.686,1.686,1.5679,1.9559,1.99,1.608,1.3587,1.4926,1.6677,1.9894,1.9669,1.7392,1.6874,1.686,1.4685,2.1001,1.686,1.4716,1.4506,1.5427,1.867,1.595,1.3916,1.7298,1.6,2.3973,0.0,1.686,2.1686,1.4881,1.2663,1.7344,1.8165,1.749,1.239,1.4965,1.6768,2.0287,1.3457,1.686,1.8205,1.3502,1.4155,1.6159,2.048,2.316
Cape Verde,1.1128,1.3349,1.1849,1.1849,1.1019,1.3746,1.3985,1.1301,0.9549,1.049,1.1721,1.3982,1.3824,1.2223,1.1859,1.1849,1.0321,1.476,1.1849,1.0342,1.0195,1.0842,1.3122,1.121,0.978,1.2157,1.1245,1.6848,0.8795,0.0,1.5241,1.0459,0.89,1.219,1.2766,1.2292,0.8708,1.0518,1.1785,1.4258,0.9458,1.1849,1.2795,0.9489,0.9948,1.1356,1.4393,1.6277
Saudi Arabia,0.8416,1.0095,0.8961,0.8961,0.8333,1.0396,1.0577,0.8547,0.7222,0.7933,0.8864,1.0574,1.0455,0.9244,0.8969,0.8961,0.7806,1.1163,0.8961,0.7822,0.771,0.82,0.9924,0.8478,0.7396,0.9194,0.8504,1.2742,0.6651,0.8961,0.0,0.791,0.6731,0.9219,0.9655,0.9296,0.6586,0.7954,0.8913,1.0783,0.7153,0.8961,0.9677,0.7176,0.7524,0.8589,1.0885,1.231
Uruguay,1.2109,1.4525,1.2893,1.2893,1.199,1.4958,1.5218,1.2297,1.0391,1.1414,1.2754,1.5214,1.5042,1.3301,1.2904,1.2893,1.1231,1.6061,1.2893,1.1254,1.1093,1.1798,1.4278,1.2198,1.0642,1.3229,1.2236,1.8333,0.957,1.2893,1.6584,0.0,0.9684,1.3264,1.3891,1.3375,0.9475,1.1445,1.2824,1.5515,1.0292,1.2893,1.3923,1.0325,1.0825,1.2357,1.5662,1.7711
France,1.622,1.9457,1.7271,1.7271,1.6061,2.0036,2.0385,1.6472,1.3919,1.529,1.7084,2.038,2.0149,1.7816,1.7285,1.7271,1.5044,2.1513,1.7271,1.5075,1.486,1.5803,1.9126,1.6339,1.4255,1.772,1.639,2.4557,1.2819,1.7271,2.2215,1.5244,0.0,1.7768,1.8608,1.7917,1.2693,1.533,1.7177,2.0782,1.3786,1.7271,1.8649,1.3831,1.45,1.6553,2.0979,2.3724
Senegal,1.0872,1.3041,1.1576,1.1576,1.0765,1.3429,1.3663,1.104,0.9329,1.0248,1.145,1.3659,1.3505,1.1941,1.1585,1.1576,1.0083,1.4419,1.1576,1.0104,0.996,1.0592,1.2819,1.0951,0.9554,1.1877,1.0985,1.646,0.8592,1.1576,1.4889,1.0217,0.8694,0.0,1.2472,1.2009,0.8507,1.0275,1.1513,1.3929,0.924,1.1576,1.25,0.927,0.9719,1.1094,1.4061,1.5901
Iraq,0.9643,1.1567,1.0268,1.0268,0.9549,1.1912,1.2119,0.9793,0.8275,0.909,1.0157,1.2116,1.1979,1.0592,1.0277,1.0268,0.8944,1.279,1.0268,0.8962,0.8834,0.9395,1.1371,0.9714,0.8475,1.0535,0.9744,1.46,0.7621,1.0268,1.3207,0.9063,0.7712,1.0563,0.0,1.0652,0.7546,0.9114,1.0212,1.2355,0.8196,1.0268,1.1087,0.8223,0.8621,0.9841,1.2473,1.4105
Norway,1.1109,1.3325,1.1828,1.1828,1.1,1.3722,1.3961,1.1281,0.9532,1.0472,1.17,1.3958,1.38,1.2202,1.1838,1.1828,1.0303,1.4734,1.1828,1.0324,1.0177,1.0823,1.3099,1.1191,0.9763,1.2136,1.1225,1.6819,0.878,1.1828,1.5214,1.044,0.8884,1.2169,1.2744,0.0,0.8693,1.0499,1.1764,1.4233,0.9441,1.1828,1.2773,0.9472,0.9931,1.1337,1.4368,1.6248
Argentina,1.5178,1.8207,1.6162,1.6162,1.5029,1.8749,1.9076,1.5414,1.3025,1.4308,1.5986,1.9071,1.8855,1.6672,1.6175,1.6162,1.4077,2.0132,1.6162,1.4106,1.3905,1.4788,1.7897,1.529,1.3339,1.6582,1.5337,2.298,1.1996,1.6162,2.0788,1.4265,1.2139,1.6626,1.7412,1.6766,0.0,1.4346,1.6074,1.9447,1.29,1.6162,1.7452,1.2943,1.3569,1.549,1.9632,2.2201
Algeria,1.2647,1.5171,1.3467,1.3467,1.2523,1.5623,1.5895,1.2844,1.0853,1.1922,1.3321,1.5891,1.5711,1.3892,1.3478,1.3467,1.173,1.6775,1.3467,1.1754,1.1587,1.2322,1.4913,1.274,1.1115,1.3817,1.278,1.9148,0.9996,1.3467,1.7322,1.1886,1.0115,1.3854,1.4509,1.397,0.9897,0.0,1.3394,1.6204,1.0749,1.3467,1.4542,1.0784,1.1306,1.2907,1.6358,1.8499
Austria,1.2107,1.4523,1.2891,1.2891,1.1988,1.4955,1.5216,1.2295,1.0389,1.1413,1.2752,1.5212,1.504,1.3298,1.2902,1.2891,1.1229,1.6058,1.2891,1.1252,1.1092,1.1796,1.4276,1.2196,1.064,1.3226,1.2234,1.833,0.9569,1.2891,1.6582,1.1379,0.9683,1.3262,1.3889,1.3373,0.9474,1.1443,0.0,1.5512,1.029,1.2891,1.392,1.0324,1.0823,1.2355,1.5659,1.7708
Jordan,0.9723,1.1663,1.0353,1.0353,0.9627,1.201,1.2219,0.9874,0.8343,0.9165,1.024,1.2216,1.2078,1.0679,1.0361,1.0353,0.9017,1.2896,1.0353,0.9036,0.8907,0.9473,1.1464,0.9794,0.8545,1.0622,0.9824,1.472,0.7684,1.0353,1.3316,0.9138,0.7776,1.065,1.1154,1.074,0.7608,0.9189,1.0296,0.0,0.8263,1.0353,1.1179,0.8291,0.8692,0.9922,1.2576,1.4221
Portugal,1.6092,1.9302,1.7134,1.7134,1.5934,1.9877,2.0223,1.6341,1.3808,1.5169,1.6948,2.0218,1.9989,1.7675,1.7148,1.7134,1.4924,2.1343,1.7134,1.4955,1.4742,1.5678,1.8974,1.621,1.4142,1.758,1.626,2.4363,1.2718,1.7134,2.2039,1.5123,1.2869,1.7627,1.846,1.7775,1.2592,1.5209,1.7041,2.0617,0.0,1.7134,1.8502,1.3721,1.4385,1.6422,2.0813,2.3536
DR Congo,1.1128,1.3349,1.1849,1.1849,1.1019,1.3746,1.3985,1.1301,0.9549,1.049,1.1721,1.3982,1.3824,1.2223,1.1859,1.1849,1.0321,1.476,1.1849,1.0342,1.0195,1.0842,1.3122,1.121,0.978,1.2157,1.1245,1.6848,0.8795,1.1849,1.5241,1.0459,0.89,1.219,1.2766,1.2292,0.8708,1.0518,1.1785,1.4258,0.9458,0.0,1.2795,0.9489,0.9948,1.1356,1.4393,1.6277
Uzbekistan,0.9601,1.1517,1.0223,1.0223,0.9507,1.1859,1.2066,0.975,0.8238,0.905,1.0112,1.2063,1.1926,1.0546,1.0231,1.0223,0.8904,1.2734,1.0223,0.8923,0.8796,0.9354,1.1321,0.9671,0.8438,1.0489,0.9701,1.4536,0.7588,1.0223,1.3149,0.9023,0.7678,1.0517,1.1014,1.0605,0.7513,0.9074,1.0167,1.2301,0.816,1.0223,0.0,0.8187,0.8583,0.9798,1.2418,1.4043
Colombia,1.4111,1.6926,1.5025,1.5025,1.3972,1.743,1.7734,1.433,1.2109,1.3301,1.4862,1.7729,1.7529,1.5499,1.5038,1.5025,1.3087,1.8716,1.5025,1.3114,1.2927,1.3748,1.6639,1.4215,1.2401,1.5416,1.4259,2.1364,1.1152,1.5025,1.9326,1.3262,1.1285,1.5457,1.6188,1.5587,1.1042,1.3337,1.4944,1.8079,1.1993,1.5025,1.6224,0.0,1.2615,1.44,1.8251,2.0639
England,1.3174,1.5802,1.4027,1.4027,1.3045,1.6273,1.6556,1.3378,1.1304,1.2418,1.3875,1.6552,1.6365,1.447,1.4039,1.4027,1.2218,1.7473,1.4027,1.2243,1.2069,1.2835,1.5534,1.3271,1.1578,1.4392,1.3312,1.9945,1.0412,1.4027,1.8043,1.2381,1.0536,1.4431,1.5113,1.4552,1.0309,1.2451,1.3951,1.6879,1.1197,1.4027,1.5147,1.1233,0.0,1.3444,1.7039,1.9269
Croatia,1.2696,1.523,1.3519,1.3519,1.2572,1.5683,1.5956,1.2893,1.0895,1.1968,1.3372,1.5952,1.5772,1.3946,1.353,1.3519,1.1775,1.684,1.3519,1.18,1.1631,1.237,1.4971,1.279,1.1158,1.387,1.2829,1.9222,1.0034,1.3519,1.7389,1.1933,1.0154,1.3908,1.4565,1.4024,0.9935,1.2,1.3446,1.6267,1.0791,1.3519,1.4598,1.0826,1.135,0.0,1.6422,1.857
Ghana,0.9332,1.1193,0.9936,0.9936,0.924,1.1527,1.1728,0.9476,0.8007,0.8796,0.9828,1.1724,1.1592,1.025,0.9944,0.9936,0.8655,1.2377,0.9936,0.8672,0.8549,0.9092,1.1003,0.94,0.8201,1.0194,0.9429,1.4128,0.7375,0.9936,1.278,0.877,0.7463,1.0222,1.0705,1.0307,0.7302,0.882,0.9882,1.1956,0.7931,0.9936,1.0729,0.7957,0.8342,0.9523,0.0,1.3649
Panama,0.8876,1.0647,0.9451,0.9451,0.8789,1.0964,1.1155,0.9014,0.7617,0.8367,0.9349,1.1152,1.1026,0.975,0.9459,0.9451,0.8232,1.1773,0.9451,0.8249,0.8132,0.8648,1.0466,0.8942,0.7801,0.9697,0.8969,1.3439,0.7015,0.9451,1.2157,0.8342,0.7099,0.9723,1.0183,0.9805,0.6946,0.8389,0.94,1.1373,0.7544,0.9451,1.0206,0.7569,0.7935,0.9058,1.1481,0.0
