,Mexico,South Africa,South Korea,Czechia,Canada,Bosnia and Herzegovina,Qatar,Switzerland,Brazil,Morocco,Haiti,Scotland,United States,Paraguay,Australia,Turkiye,Germany,Curacao,Ivory Coast,Ecuador,Netherlands,Japan,Sweden,Tunisia,Belgium,Egypt,Iran,New Zealand,Spain,Cape Verde,Saudi Arabia,Uruguay,France,Senegal,Iraq,Norway,Argentina,Algeria,Austria,Jordan,Portugal,DR Congo,Uzbekistan,Colombia,England,Croatia,Ghana,Panama
Mexico,0.0,1.5558275220680895,1.2732249686287174,1.2784442848226831,1.3988408596028792,1.3372883392656014,1.5181038940989222,1.0988677152474902,0.9029542995016068,1.0766191930269038,1.6143759635161399,1.310212569435763,1.1447535696096898,1.3482746721157455,1.6815817113524874,1.1124369142494088,0.9029542995016068,1.7023464645277044,1.1876868270716976,1.1780090343534941,0.8810606695301554,1.154158156023737,1.067846428061375,1.505733718327915,0.9561785561016939,1.4161142308491095,1.4453784768666402,1.6207948280501745,0.849211529081363,1.7880014392545076,1.3931300180449155,1.1447535696096898,0.7986674647019867,1.0810325654688149,1.9886621337892985,1.1124369142494088,0.9178514688277926,1.2221895169544035,1.1307901809489744,1.8474859231940919,0.8919403117215964,1.3318287891170406,1.8175003410380635,1.1078953318979239,0.8992679409690152,1.0766191930269038,1.2576945212368382,1.7233676280643797
South Africa,0.9839558551688308,0.0,1.0125400938379303,1.0166907875794298,1.1124369142494088,1.063486888720619,1.2072815859417008,0.8738814011089526,0.7180800358741082,0.8561881251113495,1.2838425493248395,1.0419547139677425,0.9103724128519713,1.0722238384106648,1.3372883392656014,0.8846723912082952,0.7180800358741082,1.3538016386797658,0.9445153535030403,0.9368190285106178,0.7006689901500979,0.9178514688277919,0.849211529081363,1.1974441265416882,0.760406957745856,1.1261736704185814,1.1494462445031128,1.2889471913620003,0.6753407626543632,1.4219192913212872,1.1078953318979239,0.9103724128519713,0.6351452803549833,0.8596978870596146,1.5814959596084839,0.8846723912082952,0.7299271026526534,0.971953832728846,0.8992679409690144,1.4692246980122639,0.7093210934286797,1.0591451474290616,1.4453784768666402,0.8810606695301554,0.7151484362695774,0.8561881251113495,1.0001894087296619,1.3705188500323924
South Korea,1.2023527952177029,1.5119061549149326,0.0,1.242353509963582,1.3593512618730565,1.2995363832772886,1.475247473600122,1.067846428061375,0.8774636928961812,1.0462259867168533,1.5688017604562965,1.2732249686287174,1.1124369142494088,1.310212569435763,1.6341102746445342,1.0810325654688149,0.8774636928961812,1.654288834083545,1.154158156023737,1.1447535696096898,0.8561881251113489,1.121576007035817,1.0377008789148172,1.46322651072327,0.9291854165468068,1.376137001894284,1.40457511154672,1.5750394189749426,0.825238093189255,1.737525749263189,1.3538016386797658,1.1124369142494088,0.7761208993193222,1.0505147686442917,1.9325217464501947,1.0810325654688149,0.8919403117215964,1.1876868270716976,1.0988677152474893,1.7953309726022446,0.8667606325128422,1.2942309574793802,1.7661918902956504,1.0766191930269031,0.8738814011089526,1.0462259867168533,1.2221895169544035,1.6747165653608056
Czechia,1.1974441265416875,1.505733718327914,1.2322302691579188,0.0,1.3538016386797658,1.2942309574793802,1.4692246980122627,1.063486888720619,0.8738814011089521,1.0419547139677425,1.562397044560048,1.2680269605682821,1.1078953318979239,1.3048635575450005,1.627438933295966,1.0766191930269031,0.8738814011089521,1.6475351127022282,1.1494462445031128,1.140080052808922,0.8526926919512758,1.1169971138562071,1.0334644103677628,1.4572528113501153,0.9253919680959403,1.3705188500323913,1.3988408596028785,1.5686092375089347,0.8218690151662283,1.7304322087872972,1.3482746721157446,1.1078953318979239,0.7729523448297891,1.0462259867168526,1.9246321245353548,1.0766191930269031,0.8882989183747872,1.1828380329838464,1.094381529866315,1.7880014392545076,0.8632220365339067,1.2889471913620003,1.7589813187876788,1.0722238384106642,0.8703137342168078,1.0419547139677425,1.2171998638160815,1.6678794466895737
Canada,1.094381529866315,1.376137001894284,1.1261736704185814,1.1307901809489744,0.0,1.1828380329838464,1.3427702696841095,0.971953832728846,0.7986674647019861,0.9522749067354827,1.4279233827990283,1.158889383028043,1.0125400938379303,1.1925554977643338,1.4873671932637254,0.9839558551688308,0.7986674647019861,1.505733718327914,1.0505147686442917,1.0419547139677425,0.7793024426271438,1.0208584962111444,0.9445153535030403,1.3318287891170406,0.8457445782423972,1.2525599170466641,1.2784442848226822,1.4336008996639382,0.751131723168568,1.5814959596084839,1.2322302691579188,1.0125400938379303,0.7064252526684641,0.9561785561016932,1.7589813187876788,0.9839558551688308,0.8118440833454192,1.0810325654688149,1.0001894087296612,1.6341102746445342,0.788925539001677,1.1780090343534935,1.6075878815495714,0.9799388035147241,0.7954068626705958,0.9522749067354827,1.1124369142494088,1.5243270396025224
Bosnia and Herzegovina,1.144753569609689,1.439477643032676,1.1780090343534935,1.1828380329838464,1.2942309574793802,0.0,1.40457511154672,1.0166907875794298,0.8354284188809394,0.9961060827372898,1.4936476402228833,1.2122305811997571,1.0591451474290616,1.247446275148801,1.5558275220680895,1.0292452374269037,0.8354284188809394,1.5750394189749426,1.0988677152474893,1.089913659573477,0.8151720662829068,1.0678464280613744,0.9879893738757106,1.3931300180449155,0.8846723912082952,1.310212569435762,1.3372883392656005,1.4995864810386805,0.7857047088955641,1.654288834083545,1.2889471913620003,1.0591451474290616,0.7389404952342683,1.0001894087296612,1.8399434645108885,1.0292452374269037,0.849211529081363,1.1307901809489744,1.0462259867168526,1.7093248734412678,0.825238093189255,1.2322302691579188,1.6815817113524862,1.0250432894820156,0.8320177383160301,0.9961060827372898,1.163640004695766,1.5944885510364164
Qatar,1.0084063455224603,1.2680269605682821,1.0377008789148172,1.0419547139677425,1.140080052808922,1.089913659573477,0.0,0.8955966321894816,0.7359237317046098,0.8774636928961815,1.3157449763523812,1.067846428061375,0.9329944154364554,1.0988677152474902,1.3705188500323924,0.9066557694805341,0.7359237317046098,1.3874424912986951,0.967985779964112,0.9600982076520083,0.7180800358741082,0.9406593197763367,0.8703137342168078,1.2271996241193657,0.7793024426271443,1.154158156023737,1.1780090343534935,1.3209764645282511,0.6921224228436407,1.4572528113501153,1.1354256158868872,0.9329944154364554,0.6509281160064955,0.8810606695301554,1.6207948280501745,0.9066557694805341,0.7480651883081314,0.9961060827372898,0.9216140065983698,1.505733718327915,0.7269471367734067,1.0854640295966609,1.4812949382813725,0.9029542995016068,0.7329192842711092,0.8774636928961815,1.025043289482016,1.4045751115467207
Switzerland,1.3931300180449149,1.7518001848180391,1.4336008996639382,1.439477643032676,1.5750394189749426,1.505733718327914,1.7093248734412667,0.0,1.016690787579429,1.2122305811997571,1.8177234115862397,1.475247473600122,1.2889471913620003,1.5181038940989222,1.893394422550266,1.2525599170466641,1.016690787579429,1.916774712417933,1.3372883392656005,1.3263915278697953,0.9920394271385591,1.299536383277288,1.2023527952177029,1.6953965453364412,1.0766191930269031,1.5944885510364155,1.627438933295965,1.8249507988882057,0.9561785561016932,2.0132188223392844,1.5686092375089347,1.2889471913620003,0.8992679409690144,1.2171998638160806,2.239154818962166,1.2525599170466641,1.0334644103677628,1.376137001894284,1.2732249686287165,2.0801959958891225,1.0042894734524244,1.4995864810386805,2.046433417699875,1.2474462751488,1.0125400938379303,1.2122305811997571,1.4161142308491095,1.9404437101996976
Brazil,1.6953965453364412,2.131887148356952,1.7446483682064298,1.7518001848180402,1.9167747124179342,1.8324317983129095,2.0801959958891225,1.505733718327915,0.0,1.475247473600123,2.212113695393163,1.7953309726022446,1.5686092375089358,1.8474859231940919,2.3042029971157465,1.5243270396025224,1.2372815362607292,2.3326560934938114,1.627438933295966,1.6141778477143358,1.2072815859417008,1.5814959596084839,1.46322651072327,2.0632456473607252,1.310212569435763,1.9404437101996976,1.9805433157833556,2.2209092042866962,1.163640004695766,2.4500256201429997,1.9089493785997345,1.5686092375089358,1.0943815298663158,1.4812949382813725,2.7249828051723948,1.5243270396025224,1.2576945212368382,1.6747165653608056,1.5494757741840792,2.531534788118687,1.2221895169544035,1.8249507988882068,2.490446764974923,1.5181038940989222,1.2322302691579197,1.475247473600123,1.7233676280643797,2.3614605385570906
Morocco,1.4219192913212861,1.7880014392545067,1.463226510723269,1.4692246980122627,1.6075878815495714,1.5368499665867978,1.7446483682064287,1.262850173649799,1.0377008789148163,0.0,1.8552869809295047,1.505733718327914,1.3155835084682874,1.5494757741840792,1.9325217464501947,1.2784442848226822,1.0377008789148163,1.956385194060185,1.3649236345716709,1.3538016386797658,1.0125400938379296,1.3263915278697942,1.2271996241193648,1.7304322087872972,1.0988677152474893,1.627438933295965,1.6610702409157778,1.862663723442697,0.9759381516857792,2.05482233822849,1.6010248192691072,1.3155835084682874,0.9178514688277919,1.2423535099635814,2.2854273413801907,1.2784442848226822,1.0548211315252292,1.40457511154672,1.299536383277288,2.1231836066780354,1.0250432894820156,1.5305756955735603,2.0887233189588694,1.2732249686287165,1.0334644103677628,1.2372815362607292,1.4453784768666402,1.9805433157833556
Haiti,0.948270808391781,1.1924091476612748,0.9758183848075539,0.9798185456775383,1.0720922553778016,1.024917496433947,1.1634972030945574,0.8421884155828732,0.6920374857584464,0.8251368201833343,0.0,1.0041662273073053,0.8773560107781363,1.0333375838819112,1.2887890120951686,0.8525880497240772,0.6920374857584464,1.3047034250258158,0.9102606921843022,0.9028434891828948,0.6752578850101784,0.8845638244406525,0.8184132437927626,1.1540165180325526,0.7328293406056042,1.0853308217309505,1.1077593712685814,1.242201048661312,0.6508482342760099,1.3703506603126496,1.0677153822231806,0.8773560107781363,0.6121105182560261,0.8285192938811744,1.5241399745814315,0.8525880497240772,0.7034548959320307,0.9367040623210968,0.866654263871606,1.4159404456759954,0.6835962031645657,1.0207332167198264,1.392959053488467,0.8491073140615732,0.6892122062377585,0.8251368201833343,0.9639156209891502,1.3208143546372786
Scotland,1.1684101005312217,1.4692246980122627,1.2023527952177029,1.2072815859417008,1.3209764645282511,1.262850173649799,1.4336008996639382,1.0377008789148172,0.8526926919512758,1.0166907875794298,1.524514127583001,0.0,1.0810325654688149,1.2732249686287174,1.587978967463385,1.0505147686442917,0.8526926919512758,1.6075878815495714,1.121576007035817,1.1124369142494088,0.8320177383160295,1.0899136595734764,1.0084063455224603,1.4219192913212872,0.9029542995016068,1.3372883392656005,1.3649236345716709,1.5305756955735603,0.8019414328810758,1.6884749995566846,1.3155835084682874,1.0810325654688149,0.7542108286394241,1.0208584962111444,1.8779662150989602,1.0505147686442917,0.8667606325128422,1.154158156023737,1.0678464280613744,1.7446483682064298,0.8422917814130136,1.2576945212368376,1.716331888864715,1.0462259867168526,0.849211529081363,1.0166907875794298,1.1876868270716976,1.627438933295966
United States,1.3372883392656005,1.6815817113524862,1.376137001894284,1.3817781841802694,1.5119061549149326,1.4453784768666402,1.6408089637445153,1.1876868270716976,0.9759381516857792,1.163640004695766,1.7448624972819977,1.4161142308491095,0.0,1.4572528113501153,1.8175003410380635,1.2023527952177029,0.9759381516857792,1.8399434645108885,1.2836849964983612,1.2732249686287174,0.952274906735482,1.2474462751488,1.154158156023737,1.627438933295966,1.0334644103677628,1.5305756955735603,1.5622053075977689,1.7518001848180391,0.9178514688277919,1.9325217464501947,1.505733718327914,1.2372815362607292,0.8632220365339067,1.1684101005312217,2.1494014129497727,1.2023527952177029,0.9920394271385597,1.3209764645282511,1.2221895169544026,1.9968142331707552,0.9640339269839909,1.439477643032676,1.9644049809608384,1.1974441265416875,0.971953832728846,1.163640004695766,1.3593512618730565,1.8626637234426981
Paraguay,1.1354256158868865,1.4277481484098327,1.1684101005312217,1.1731997503646396,1.2836849964983612,1.2271996241193648,1.3931300180449149,1.0084063455224603,0.8286209820343414,0.9879893738757106,1.4814767447253288,1.2023527952177029,1.0505147686442917,0.0,1.543149957645677,1.0208584962111444,0.8286209820343414,1.5622053075977689,1.0899136595734764,1.0810325654688149,0.8085296870737284,1.059145147429061,0.9799388035147241,1.3817781841802694,0.8774636928961812,1.299536383277288,1.3263915278697942,1.4873671932637245,0.7793024426271438,1.6408089637445153,1.2784442848226822,1.0505147686442917,0.7329192842711086,0.9920394271385591,1.8249507988882057,1.0208584962111444,0.8422917814130136,1.121576007035817,1.0377008789148163,1.6953965453364412,0.8185136915818525,1.2221895169544026,1.6678794466895726,1.016690787579429,0.825238093189255,0.9879893738757106,1.154158156023737,1.5814959596084839
Australia,0.9103724128519708,1.144753569609689,0.936819028510617,0.9406593197763367,1.0292452374269037,0.9839558551688308,1.1169971138562071,0.808529687073729,0.6643796583408449,0.7921595722189012,1.1878325975816637,0.9640339269839909,0.8422917814130136,0.9920394271385597,0.0,0.8185136915818525,0.6643796583408449,1.2525599170466641,0.8738814011089521,0.8667606325128422,0.6482706676551564,0.8492115290813624,0.7857047088955641,1.1078953318979239,0.7035412343308248,1.041954713967742,1.0634868887206184,1.1925554977643331,0.6248365679875456,1.3155835084682874,1.0250432894820156,0.8422917814130136,0.5876470355360554,0.7954068626705955,1.463226510723269,0.8185136915818525,0.6753407626543632,0.8992679409690144,0.8320177383160295,1.3593512618730565,0.6562757383060297,0.9799388035147241,1.3372883392656005,0.8151720662829068,0.6616672933587444,0.7921595722189012,0.9253919680959403,1.2680269605682821
Turkiye,1.376137001894284,1.7304322087872972,1.4161142308491095,1.4219192913212872,1.5558275220680895,1.4873671932637254,1.6884749995566846,1.2221895169544035,1.0042894734524244,1.1974441265416882,1.7955513221973305,1.4572528113501153,1.2732249686287174,1.4995864810386816,1.8702993190170982,0.0,1.0042894734524244,1.893394422550266,1.3209764645282511,1.310212569435763,0.9799388035147241,1.2836849964983612,1.1876868270716976,1.6747165653608056,1.063486888720619,1.5750394189749426,1.6075878815495714,1.8026905518201437,0.9445153535030403,1.9886621337892985,1.5494757741840792,1.2732249686287174,0.8882989183747872,1.2023527952177029,2.2118422253710923,1.2372815362607292,1.020858496211145,1.3593512618730565,1.2576945212368376,2.054822338228491,0.9920394271385597,1.4812949382813725,2.0214715866663533,1.2322302691579188,1.0001894087296619,1.1974441265416882,1.3988408596028792,1.9167747124179342
Germany,1.6953965453364412,2.131887148356952,1.7446483682064298,1.7518001848180402,1.9167747124179342,1.8324317983129095,2.0801959958891225,1.505733718327915,1.2372815362607292,1.475247473600123,2.212113695393163,1.7953309726022446,1.5686092375089358,1.8474859231940919,2.3042029971157465,1.5243270396025224,0.0,2.3326560934938114,1.627438933295966,1.6141778477143358,1.2072815859417008,1.5814959596084839,1.46322651072327,2.0632456473607252,1.310212569435763,1.9404437101996976,1.9805433157833556,2.2209092042866962,1.163640004695766,2.4500256201429997,1.9089493785997345,1.5686092375089358,1.0943815298663158,1.4812949382813725,2.7249828051723948,1.5243270396025224,1.2576945212368382,1.6747165653608056,1.5494757741840792,2.531534788118687,1.2221895169544035,1.8249507988882068,2.490446764974923,1.5181038940989222,1.2322302691579197,1.475247473600123,1.7233676280643797,2.3614605385570906
Curacao,0.8992679409690144,1.1307901809489744,0.9253919680959403,0.9291854165468068,1.0166907875794298,0.971953832728846,1.1033722907958268,0.7986674647019867,0.6562757383060297,0.7824970279981662,1.1733437428060858,0.9522749067354827,0.8320177383160301,0.9799388035147247,1.2221895169544035,0.808529687073729,0.6562757383060297,0.0,0.8632220365339067,0.8561881251113495,0.6403632406506733,0.8388530808087217,0.7761208993193222,1.0943815298663158,0.6949596321811589,1.0292452374269037,1.0505147686442917,1.1780090343534935,0.6172149836746774,1.2995363832772886,1.0125400938379303,0.8320177383160301,0.5804790788942564,0.7857047088955641,1.4453784768666402,0.808529687073729,0.6671031420889331,0.8882989183747872,0.8218690151662283,1.3427702696841104,0.6482706676551568,0.967985779964112,1.3209764645282511,0.8052288219995569,0.6535964580047202,0.7824970279981662,0.9141042918160288,1.252559917046665
Ivory Coast,1.2889471913620003,1.6207948280501745,1.3263915278697953,1.3318287891170406,1.4572528113501153,1.3931300180449155,1.5814959596084839,1.1447535696096898,0.9406593197763367,1.1215760070358176,1.6817880999542854,1.3649236345716718,1.1925554977643338,1.4045751115467207,1.7518001848180402,1.158889383028043,0.9406593197763367,1.7734320200149092,0.0,1.2271996241193657,0.9178514688277919,1.2023527952177029,1.1124369142494088,1.5686092375089358,0.9961060827372898,1.475247473600122,1.505733718327914,1.6884749995566846,0.8846723912082952,1.8626637234426981,1.4513034999195926,1.1925554977643338,0.8320177383160301,1.1261736704185814,2.0717034860653776,1.158889383028043,0.9561785561016939,1.2732249686287174,1.1780090343534935,1.9246321245353561,0.9291854165468068,1.3874424912986951,1.893394422550266,1.154158156023737,0.9368190285106178,1.1215760070358176,1.310212569435763,1.7953309726022446
Ecuador,1.299536383277288,1.634110274644533,1.3372883392656005,1.3427702696841095,1.4692246980122627,1.40457511154672,1.5944885510364155,1.154158156023737,0.9483871942236134,1.1307901809489744,1.695604629499181,1.376137001894284,1.2023527952177029,1.4161142308491095,1.7661918902956504,1.1684101005312217,0.9483871942236134,1.7880014392545067,1.2474462751488,0.0,0.9253919680959397,1.2122305811997565,1.121576007035817,1.5814959596084839,1.0042894734524244,1.4873671932637245,1.5181038940989213,1.7023464645277033,0.8919403117215958,1.8779662150989602,1.463226510723269,1.2023527952177029,0.8388530808087217,1.1354256158868865,2.0887233189588694,1.1684101005312217,0.9640339269839909,1.2836849964983612,1.1876868270716967,1.9404437101996976,0.936819028510617,1.3988408596028785,1.9089493785997331,1.1636400046957651,0.9445153535030403,1.1307901809489744,1.3209764645282511,1.8100803000748906
Netherlands,1.737525749263189,2.18486278327198,1.7880014392545076,1.7953309726022446,1.9644049809608397,1.8779662150989613,2.131887148356952,1.5431499576456782,1.2680269605682821,1.5119061549149333,2.2670828937430842,1.8399434645108896,1.6075878815495726,1.8933944225502672,2.3614605385570906,1.5622053075977698,1.2680269605682821,2.390620670880791,1.6678794466895737,1.6542888340835462,0.0,1.6207948280501745,1.4995864810386816,2.1145155976668852,1.3427702696841104,1.9886621337892985,2.0297581814535204,2.2760969637684276,1.1925554977643338,2.5109067333319373,1.9563851940601862,1.6075878815495726,1.1215760070358176,1.5181038940989222,2.792696377322684,1.5622053075977698,1.2889471913620012,1.7163318888647159,1.587978967463385,2.5944413368135497,1.252559917046665,1.8702993190170982,2.5523323102291853,1.5558275220680895,1.2628501736498,1.5119061549149333,1.7661918902956515,2.420140882614355
Japan,1.3263915278697953,1.6678794466895737,1.3649236345716718,1.3705188500323924,1.4995864810386816,1.433600899663939,1.627438933295966,1.1780090343534941,0.967985779964112,1.154158156023738,1.7306445930453258,1.4045751115467207,1.2271996241193657,1.4453784768666411,1.8026905518201448,1.1925554977643338,0.967985779964112,1.8249507988882068,1.2732249686287174,1.2628501736498,0.9445153535030403,0.0,1.1447535696096898,1.6141778477143358,1.025043289482016,1.5181038940989222,1.5494757741840792,1.737525749263189,0.9103724128519713,1.9167747124179342,1.4934643401697714,1.2271996241193657,0.8561881251113495,1.158889383028043,2.131887148356952,1.1925554977643338,0.9839558551688314,1.310212569435763,1.2122305811997571,1.9805433157833567,0.9561785561016939,1.4277481484098336,1.9483981483623678,1.1876868270716976,0.9640339269839915,1.154158156023738,1.3482746721157455,1.8474859231940919
Sweden,1.4336008996639382,1.8026905518201437,1.475247473600122,1.4812949382813725,1.6207948280501745,1.5494757741840792,1.7589813187876788,1.2732249686287174,1.0462259867168526,1.247446275148801,1.8705288698374898,1.5181038940989222,1.3263915278697953,1.5622053075977698,1.9483981483623678,1.2889471913620003,1.0462259867168526,1.9724576432799559,1.376137001894284,1.3649236345716718,1.0208584962111444,1.3372883392656005,0.0,1.7446483682064298,1.1078953318979239,1.6408089637445153,1.6747165653608045,1.8779662150989602,0.9839558551688308,2.0717034860653776,1.6141778477143347,1.3263915278697953,0.9253919680959403,1.2525599170466641,2.304202997115745,1.2889471913620003,1.063486888720619,1.4161142308491095,1.310212569435762,2.140626368362283,1.0334644103677628,1.543149957645677,2.105882976259509,1.2836849964983612,1.0419547139677425,1.247446275148801,1.4572528113501153,1.9968142331707552
Tunisia,1.016690787579429,1.2784442848226822,1.0462259867168526,1.0505147686442917,1.1494462445031128,1.0988677152474893,1.2474462751488,0.9029542995016068,0.7419696253473124,0.8846723912082952,1.3265543222740313,1.0766191930269031,0.9406593197763367,1.1078953318979239,1.3817781841802694,0.9141042918160283,0.7419696253473124,1.3988408596028785,0.9759381516857792,0.967985779964112,0.723979336761969,0.9483871942236134,0.8774636928961812,0.0,0.7857047088955641,1.1636400046957651,1.1876868270716967,1.3318287891170395,0.6978084720576669,1.4692246980122627,1.144753569609689,0.9406593197763367,0.6562757383060297,0.8882989183747867,1.634110274644533,0.9141042918160283,0.7542108286394241,1.0042894734524244,0.9291854165468062,1.5181038940989222,0.7329192842711086,1.094381529866315,1.4934643401697705,0.9103724128519708,0.7389404952342683,0.8846723912082952,1.0334644103677628,1.4161142308491095
Belgium,1.6010248192691072,2.0132188223392844,1.6475351127022282,1.654288834083545,1.8100803000748906,1.7304322087872972,1.9644049809608384,1.4219192913212872,1.1684101005312217,1.3931300180449155,2.08897967800609,1.6953965453364412,1.4812949382813725,1.7446483682064298,2.175942965770581,1.439477643032676,1.1684101005312217,2.2028122628749336,1.5368499665867978,1.5243270396025224,1.1400800528089214,1.4934643401697705,1.3817781841802694,1.9483981483623678,0.0,1.8324317983129084,1.8702993190170971,2.0972855979841523,1.0988677152474893,2.3136485894606573,1.8026905518201437,1.4812949382813725,1.0334644103677628,1.3988408596028785,2.57330069190202,1.439477643032676,1.1876868270716976,1.5814959596084839,1.463226510723269,2.390620670880791,1.154158156023737,1.7233676280643786,2.351819751409285,1.4336008996639382,1.163640004695766,1.3931300180449155,1.627438933295966,2.23001335136272
Egypt,1.0810325654688149,1.3593512618730565,1.1124369142494088,1.1169971138562078,1.2221895169544035,1.1684101005312224,1.3263915278697953,0.9600982076520083,0.788925539001677,0.9406593197763372,1.410505966770753,1.1447535696096898,1.0001894087296619,1.1780090343534941,1.4692246980122639,0.971953832728846,0.788925539001677,1.4873671932637254,1.0377008789148172,1.0292452374269043,0.7697967261310097,1.0084063455224603,0.9329944154364554,1.3155835084682883,0.8354284188809398,0.0,1.262850173649799,1.4161142308491095,0.7419696253473129,1.5622053075977698,1.2171998638160815,1.0001894087296619,0.6978084720576674,0.9445153535030403,1.737525749263189,0.971953832728846,0.8019414328810763,1.067846428061375,0.9879893738757106,1.6141778477143358,0.7793024426271443,1.163640004695766,1.587978967463385,0.967985779964112,0.7857047088955647,0.9406593197763372,1.0988677152474902,1.505733718327915
Iran,1.0591451474290616,1.3318287891170406,1.089913659573477,1.0943815298663158,1.1974441265416882,1.1447535696096898,1.2995363832772886,0.9406593197763372,0.7729523448297891,0.9216140065983704,1.3819477764549144,1.1215760070358176,0.9799388035147247,1.154158156023738,1.4394776430326768,0.9522749067354827,0.7729523448297891,1.4572528113501153,1.0166907875794298,1.008406345522461,0.7542108286394241,0.9879893738757106,0.9141042918160288,1.2889471913620012,0.818513691581853,1.2122305811997571,0.0,1.3874424912986951,0.7269471367734067,1.5305756955735612,1.1925554977643338,0.9799388035147247,0.6836801042105951,0.9253919680959403,1.7023464645277044,0.9522749067354827,0.7857047088955647,1.0462259867168533,0.967985779964112,1.581495959608485,0.7635240850771255,1.140080052808922,1.5558275220680895,0.9483871942236141,0.7697967261310102,0.9216140065983704,1.0766191930269038,1.475247473600123
New Zealand,0.9445153535030403,1.1876868270716976,0.971953832728846,0.9759381516857799,1.067846428061375,1.020858496211145,1.158889383028043,0.8388530808087221,0.689296796562824,0.8218690151662288,1.2323815066985209,1.0001894087296619,0.8738814011089526,1.0292452374269043,1.283684996498362,0.849211529081363,0.689296796562824,1.2995363832772886,0.9066557694805341,0.8992679409690152,0.6725836483860193,0.8810606695301554,0.8151720662829074,1.1494462445031135,0.7299271026526534,1.0810325654688149,1.1033722907958268,0.0,0.6482706676551568,1.3649236345716718,1.063486888720619,0.8738814011089526,0.6096863653474992,0.825238093189255,1.5181038940989222,0.849211529081363,0.7006689901500982,0.9329944154364554,0.8632220365339067,1.4103328698423603,0.6808889441406876,1.0166907875794298,1.3874424912986951,0.8457445782423972,0.6864827060502698,0.8218690151662288,0.9600982076520083,1.3155835084682883
Spain,1.8026905518201437,2.2668046779151716,1.8550593005897884,1.8626637234426981,2.0380787453815943,1.9483981483623678,2.2118422253710923,1.6010248192691083,1.3155835084682874,1.5686092375089358,2.352108401545582,1.9089493785997345,1.6678794466895737,1.9644049809608397,2.4500256201429997,1.6207948280501745,1.3155835084682874,2.480279384757453,1.7304322087872972,1.7163318888647159,1.2836849964983612,1.6815817113524862,1.5558275220680895,2.193819165676738,1.3931300180449155,2.063245647360724,2.105882976259509,2.361460538557089,0.0,2.6050766997833064,2.0297581814535204,1.6678794466895737,1.163640004695766,1.5750394189749426,2.897434685866846,1.6207948280501745,1.3372883392656014,1.780701829113085,1.6475351127022282,2.6917442156518923,1.2995363832772886,1.9404437101996976,2.6480559167002555,1.6141778477143347,1.310212569435763,1.5686092375089358,1.8324317983129095,2.5109067333319373
Cape Verde,0.8561881251113489,1.0766191930269031,0.8810606695301554,0.8846723912082952,0.967985779964112,0.9253919680959403,1.0505147686442917,0.760406957745856,0.6248365679875456,0.7450111727379338,1.1171342082780757,0.9066557694805341,0.7921595722189012,0.9329944154364554,1.163640004695766,0.7697967261310097,0.6248365679875456,1.1780090343534935,0.8218690151662283,0.8151720662829074,0.6096863653474988,0.7986674647019861,0.7389404952342683,1.0419547139677425,0.6616672933587444,0.9799388035147241,1.0001894087296612,1.121576007035817,0.5876470355360554,0.0,0.9640339269839909,0.7921595722189012,0.5526709800076826,0.7480651883081311,1.376137001894284,0.7697967261310097,0.6351452803549833,0.8457445782423972,0.7824970279981657,1.2784442848226831,0.6172149836746774,0.9216140065983698,1.2576945212368376,0.7666539904119364,0.6222856397565737,0.7450111727379338,0.8703137342168078,1.1925554977643338
Saudi Arabia,1.0988677152474893,1.3817781841802694,1.1307901809489744,1.1354256158868872,1.242353509963582,1.1876868270716976,1.3482746721157446,0.9759381516857799,0.8019414328810758,0.9561785561016939,1.4337768523894123,1.163640004695766,1.0166907875794298,1.1974441265416882,1.4934643401697714,0.9879893738757106,0.8019414328810758,1.5119061549149326,1.0548211315252292,1.0462259867168533,0.7824970279981657,1.0250432894820156,0.9483871942236141,1.3372883392656014,0.849211529081363,1.2576945212368376,1.2836849964983612,1.439477643032676,0.7542108286394241,1.587978967463385,0.0,1.0166907875794298,0.7093210934286797,0.9600982076520077,1.7661918902956504,0.9879893738757106,0.8151720662829074,1.0854640295966609,1.0042894734524244,1.6408089637445165,0.7921595722189012,1.1828380329838464,1.6141778477143347,0.9839558551688308,0.7986674647019867,0.9561785561016939,1.1169971138562078,1.5305756955735612
Uruguay,1.3372883392656005,1.6815817113524862,1.376137001894284,1.3817781841802694,1.5119061549149326,1.4453784768666402,1.6408089637445153,1.1876868270716976,0.9759381516857792,1.163640004695766,1.7448624972819977,1.4161142308491095,1.2372815362607292,1.4572528113501153,1.8175003410380635,1.2023527952177029,0.9759381516857792,1.8399434645108885,1.2836849964983612,1.2732249686287174,0.952274906735482,1.2474462751488,1.154158156023737,1.627438933295966,1.0334644103677628,1.5305756955735603,1.5622053075977689,1.7518001848180391,0.9178514688277919,1.9325217464501947,1.505733718327914,0.0,0.8632220365339067,1.1684101005312217,2.1494014129497727,1.2023527952177029,0.9920394271385597,1.3209764645282511,1.2221895169544026,1.9968142331707552,0.9640339269839909,1.439477643032676,1.9644049809608384,1.1974441265416875,0.971953832728846,1.163640004695766,1.3593512618730565,1.8626637234426981
France,1.916774712417933,2.410260529868234,1.9724576432799559,1.9805433157833556,2.1670595638943952,2.0717034860653776,2.351819751409285,1.7023464645277044,1.3988408596028785,1.6678794466895737,2.500962741717499,2.0297581814535204,1.7734320200149092,2.0887233189588708,2.6050766997833064,1.7233676280643786,1.3988408596028785,2.637245088811516,1.8399434645108885,1.8249507988882068,1.3649236345716709,1.7880014392545067,1.654288834083545,2.3326560934938114,1.4812949382813725,2.1938191656767363,2.239154818962166,2.5109067333319355,1.3155835084682874,2.769940263464584,2.1582124289747133,1.7734320200149092,0.0,1.6747165653608045,3.0808002688784657,1.7233676280643786,1.4219192913212872,1.893394422550266,1.7518001848180391,2.8620925758163933,1.3817781841802694,2.063245647360724,2.8156394413200143,1.716331888864715,1.3931300180449155,1.6678794466895737,1.9483981483623678,2.669810704244906
Senegal,1.4161142308491095,1.780701829113085,1.4572528113501153,1.46322651072327,1.6010248192691083,1.5305756955735612,1.737525749263189,1.2576945212368382,1.0334644103677628,1.2322302691579197,1.8477126740168175,1.4995864810386816,1.310212569435763,1.5431499576456782,1.9246321245353561,1.2732249686287174,1.0334644103677628,1.9483981483623678,1.3593512618730565,1.3482746721157455,1.0084063455224603,1.3209764645282511,1.2221895169544035,1.7233676280643797,1.0943815298663158,1.6207948280501745,1.654288834083545,1.8550593005897884,0.971953832728846,2.0464334176998764,1.5944885510364164,1.310212569435763,0.9141042918160288,0.0,2.2760969637684276,1.2732249686287174,1.0505147686442924,1.3988408596028792,1.2942309574793802,2.1145155976668852,1.020858496211145,1.5243270396025224,2.0801959958891225,1.2680269605682821,1.0292452374269043,1.2322302691579197,1.4394776430326768,1.9724576432799572
Iraq,0.7697967261310097,0.967985779964112,0.7921595722189012,0.7954068626705958,0.8703137342168078,0.8320177383160301,0.9445153535030403,0.6836801042105951,0.561789086179155,0.669837790182035,1.0044127347241356,0.8151720662829074,0.7122288050749894,0.8388530808087221,1.0462259867168533,0.6921224228436407,0.561789086179155,1.0591451474290616,0.7389404952342683,0.7329192842711092,0.548167574678966,0.7180800358741082,0.6643796583408452,0.9368190285106178,0.594903504588184,0.8810606695301554,0.8992679409690144,1.0084063455224603,0.5283520651695761,1.1124369142494088,0.8667606325128422,0.7122288050749894,0.49690517604667905,0.6725836483860193,0.0,0.6921224228436407,0.5710576251816643,0.760406957745856,0.7035412343308248,1.1494462445031135,0.5549365376797065,0.828620982034342,1.1307901809489744,0.689296796562824,0.5594955526166077,0.669837790182035,0.7824970279981662,1.0722238384106648
Norway,1.376137001894284,1.7304322087872972,1.4161142308491095,1.4219192913212872,1.5558275220680895,1.4873671932637254,1.6884749995566846,1.2221895169544035,1.0042894734524244,1.1974441265416882,1.7955513221973305,1.4572528113501153,1.2732249686287174,1.4995864810386816,1.8702993190170982,1.2372815362607292,1.0042894734524244,1.893394422550266,1.3209764645282511,1.310212569435763,0.9799388035147241,1.2836849964983612,1.1876868270716976,1.6747165653608056,1.063486888720619,1.5750394189749426,1.6075878815495714,1.8026905518201437,0.9445153535030403,1.9886621337892985,1.5494757741840792,1.2732249686287174,0.8882989183747872,1.2023527952177029,2.2118422253710923,0.0,1.020858496211145,1.3593512618730565,1.2576945212368376,2.054822338228491,0.9920394271385597,1.4812949382813725,2.0214715866663533,1.2322302691579188,1.0001894087296619,1.1974441265416882,1.3988408596028792,1.9167747124179342
Argentina,1.6678794466895726,2.0972855979841523,1.716331888864715,1.7233676280643786,1.8856645399980887,1.8026905518201437,2.046433417699875,1.4812949382813725,1.2171998638160806,1.4513034999195926,2.176210029704059,1.7661918902956504,1.543149957645677,1.8175003410380635,2.2668046779151716,1.4995864810386805,1.2171998638160806,2.2947959668995637,1.6010248192691072,1.587978967463385,1.1876868270716967,1.5558275220680888,1.439477643032676,2.0297581814535204,1.2889471913620003,1.9089493785997331,1.9483981483623667,2.1848627832719787,1.144753569609689,2.410260529868234,1.8779662150989602,1.543149957645677,1.0766191930269031,1.4572528113501144,2.680755027979379,1.4995864810386805,0.0,1.6475351127022282,1.5243270396025215,2.490446764974923,1.2023527952177029,1.7953309726022435,2.4500256201429984,1.4934643401697705,1.2122305811997571,1.4513034999195926,1.6953965453364412,2.3231329020115843
Algeria,1.2525599170466641,1.5750394189749426,1.2889471913620003,1.2942309574793802,1.4161142308491095,1.3538016386797658,1.5368499665867978,1.1124369142494088,0.9141042918160283,1.089913659573477,1.634310836848851,1.3263915278697953,1.158889383028043,1.3649236345716718,1.7023464645277044,1.1261736704185814,0.9141042918160283,1.7233676280643786,1.2023527952177029,1.1925554977643338,0.8919403117215958,1.1684101005312217,1.0810325654688149,1.5243270396025224,0.967985779964112,1.4336008996639382,1.463226510723269,1.6408089637445153,0.8596978870596146,1.8100803000748906,1.4103328698423592,1.158889383028043,0.808529687073729,1.094381529866315,2.0132188223392844,1.1261736704185814,0.9291854165468068,0.0,1.144753569609689,1.8702993190170982,0.9029542995016068,1.3482746721157446,1.8399434645108885,1.121576007035817,0.9103724128519713,1.089913659573477,1.2732249686287174,1.7446483682064298
Austria,1.3538016386797658,1.7023464645277044,1.3931300180449155,1.3988408596028792,1.5305756955735612,1.46322651072327,1.661070240915779,1.2023527952177036,0.9879893738757106,1.1780090343534941,1.766408663511181,1.433600899663939,1.252559917046665,1.475247473600123,1.8399434645108896,1.2171998638160815,0.9879893738757106,1.8626637234426981,1.2995363832772886,1.2889471913620012,0.9640339269839909,1.262850173649799,1.1684101005312224,1.6475351127022293,1.0462259867168533,1.5494757741840792,1.5814959596084839,1.7734320200149092,0.9291854165468068,1.9563851940601862,1.5243270396025224,1.252559917046665,0.8738814011089526,1.1828380329838464,2.175942965770581,1.2171998638160815,1.004289473452425,1.3372883392656014,0.0,2.0214715866663546,0.9759381516857799,1.4572528113501153,1.9886621337892985,1.2122305811997571,0.9839558551688314,1.1780090343534941,1.376137001894285,1.8856645399980902
Jordan,0.8286209820343414,1.041954713967742,0.8526926919512758,0.8561881251113489,0.936819028510617,0.8955966321894809,1.016690787579429,0.7359237317046098,0.6047183736745624,0.721023652950545,1.0811652457888845,0.8774636928961812,0.7666539904119364,0.9029542995016068,1.1261736704185814,0.7450111727379333,0.6047183736745624,1.1400800528089214,0.7954068626705955,0.788925539001677,0.590055970142649,0.7729523448297886,0.715148436269577,1.0084063455224603,0.6403632406506733,0.9483871942236134,0.9679857799641114,1.0854640295966602,0.5687262523199895,1.1974441265416875,0.9329944154364548,0.7666539904119364,0.5348763393982953,0.723979336761969,1.3318287891170395,0.7450111727379333,0.6146951709634817,0.8185136915818525,0.7573025562512548,0.0,0.5973421855533301,0.8919403117215958,1.2171998638160806,0.7419696253473124,0.6022495790325294,0.721023652950545,0.8422917814130136,1.154158156023737
Portugal,1.716331888864715,2.1582124289747133,1.7661918902956504,1.7734320200149092,1.9404437101996976,1.8550593005897884,2.105882976259509,1.5243270396025224,1.2525599170466641,1.4934643401697714,2.2394296411900596,1.8175003410380635,1.587978967463385,1.8702993190170982,2.3326560934938114,1.543149957645677,1.2525599170466641,2.361460538557089,1.6475351127022282,1.6341102746445342,1.2221895169544026,1.6010248192691072,1.4812949382813725,2.0887233189588708,1.3263915278697953,1.9644049809608384,2.004999750357677,2.248333760072623,1.1780090343534935,2.480279384757453,1.9325217464501947,1.587978967463385,1.1078953318979239,1.4995864810386805,2.7586318363042843,1.543149957645677,1.2732249686287174,1.6953965453364412,1.5686092375089347,2.5627950561597097,0.0,1.8474859231940906,2.521199663880519,1.5368499665867978,1.247446275148801,1.4934643401697714,1.7446483682064298,2.390620670880791
DR Congo,1.1494462445031128,1.4453784768666402,1.1828380329838464,1.1876868270716976,1.2995363832772886,1.242353509963582,1.4103328698423592,1.020858496211145,0.8388530808087217,1.0001894087296619,1.4997705324915533,1.2171998638160815,1.063486888720619,1.252559917046665,1.5622053075977698,1.0334644103677628,0.8388530808087217,1.5814959596084839,1.1033722907958268,1.0943815298663158,0.8185136915818525,1.0722238384106642,0.9920394271385597,1.3988408596028792,0.8882989183747872,1.3155835084682874,1.3427702696841095,1.505733718327914,0.788925539001677,1.661070240915779,1.2942309574793802,1.063486888720619,0.7419696253473129,1.0042894734524244,1.8474859231940906,1.0334644103677628,0.8526926919512764,1.1354256158868872,1.0505147686442917,1.7163318888647159,0.828620982034342,0.0,1.6884749995566846,1.0292452374269037,0.8354284188809398,1.0001894087296619,1.1684101005312224,1.6010248192691083
Uzbekistan,0.8422917814130136,1.0591451474290616,0.8667606325128422,0.8703137342168078,0.9522749067354827,0.9103724128519713,1.0334644103677628,0.7480651883081314,0.6146951709634817,0.7329192842711092,1.0990025845611726,0.8919403117215964,0.7793024426271443,0.9178514688277926,1.1447535696096898,0.7573025562512553,0.6146951709634817,1.158889383028043,0.808529687073729,0.8019414328810763,0.5997908633747802,0.7857047088955641,0.7269471367734067,1.025043289482016,0.6509281160064955,0.9640339269839909,0.9839558551688308,1.1033722907958268,0.5781092424510895,1.2171998638160815,0.9483871942236141,0.7793024426271443,0.5437008650702865,0.7359237317046098,1.3538016386797658,0.7573025562512553,0.6248365679875459,0.8320177383160301,0.7697967261310097,1.2576945212368382,0.6071972886175423,0.9066557694805341,0.0,0.7542108286394241,0.6121856455205275,0.7329192842711092,0.8561881251113495,1.1731997503646403
Colombia,1.3817781841802694,1.737525749263189,1.4219192913212872,1.4277481484098336,1.5622053075977698,1.4934643401697714,1.6953965453364412,1.2271996241193657,1.0084063455224603,1.2023527952177036,1.8029118046917436,1.46322651072327,1.2784442848226831,1.505733718327915,1.8779662150989613,1.242353509963582,1.0084063455224603,1.9011559921194086,1.3263915278697953,1.3155835084682883,0.9839558551688308,1.2889471913620003,1.1925554977643338,1.6815817113524874,1.067846428061375,1.5814959596084839,1.6141778477143347,1.8100803000748906,0.9483871942236141,1.9968142331707552,1.5558275220680895,1.2784442848226831,0.8919403117215964,1.2072815859417008,2.2209092042866962,1.242353509963582,1.025043289482016,1.3649236345716718,1.262850173649799,2.0632456473607252,0.9961060827372898,1.4873671932637254,2.0297581814535204,0.0,1.004289473452425,1.2023527952177036,1.4045751115467207,1.9246321245353561
England,1.7023464645277033,2.1406263683622817,1.7518001848180391,1.7589813187876788,1.9246321245353548,1.8399434645108885,2.0887233189588694,1.5119061549149326,1.2423535099635814,1.4812949382813725,2.221181787142646,1.8026905518201437,1.5750394189749426,1.8550593005897884,2.3136485894606573,1.5305756955735603,1.2423535099635814,2.3422183232832854,1.634110274644533,1.6207948280501745,1.2122305811997565,1.5879789674633842,1.4692246980122627,2.0717034860653776,1.3155835084682874,1.9483981483623667,1.9886621337892973,2.2300133513627185,1.1684101005312217,2.4600689814577046,1.916774712417933,1.5750394189749426,1.0988677152474893,1.4873671932637245,2.736153295253681,1.5305756955735603,1.262850173649799,1.6815817113524862,1.5558275220680888,2.5419122790105315,1.2271996241193648,1.8324317983129084,2.5006558242149737,1.5243270396025215,0.0,1.4812949382813725,1.7304322087872972,2.3711408460706758
Croatia,1.4219192913212861,1.7880014392545067,1.463226510723269,1.4692246980122627,1.6075878815495714,1.5368499665867978,1.7446483682064287,1.262850173649799,1.0377008789148163,1.2372815362607292,1.8552869809295047,1.505733718327914,1.3155835084682874,1.5494757741840792,1.9325217464501947,1.2784442848226822,1.0377008789148163,1.956385194060185,1.3649236345716709,1.3538016386797658,1.0125400938379296,1.3263915278697942,1.2271996241193648,1.7304322087872972,1.0988677152474893,1.627438933295965,1.6610702409157778,1.862663723442697,0.9759381516857792,2.05482233822849,1.6010248192691072,1.3155835084682874,0.9178514688277919,1.2423535099635814,2.2854273413801907,1.2784442848226822,1.0548211315252292,1.40457511154672,1.299536383277288,2.1231836066780354,1.0250432894820156,1.5305756955735603,2.0887233189588694,1.2732249686287165,1.0334644103677628,0.0,1.4453784768666402,1.9805433157833556
Ghana,1.2171998638160806,1.5305756955735603,1.2525599170466641,1.2576945212368376,1.376137001894284,1.3155835084682874,1.4934643401697705,1.0810325654688149,0.8882989183747867,1.0591451474290616,1.5881738677507558,1.2889471913620003,1.1261736704185814,1.3263915278697953,1.654288834083545,1.094381529866315,0.8882989183747867,1.6747165653608045,1.1684101005312217,1.158889383028043,0.8667606325128416,1.1354256158868865,1.0505147686442917,1.4812949382813725,0.9406593197763367,1.3931300180449149,1.4219192913212861,1.5944885510364155,0.8354284188809394,1.7589813187876788,1.3705188500323913,1.1261736704185814,0.7857047088955641,1.0634868887206184,1.956385194060185,1.094381529866315,0.9029542995016068,1.2023527952177029,1.112436914249408,1.8175003410380635,0.8774636928961812,1.310212569435762,1.7880014392545067,1.0899136595734764,0.8846723912082952,1.0591451474290616,0.0,1.6953965453364412
Panama,0.8882989183747867,1.1169971138562071,0.9141042918160283,0.9178514688277919,1.0042894734524244,0.9600982076520077,1.0899136595734764,0.788925539001677,0.6482706676551564,0.7729523448297891,1.159031619089358,0.9406593197763367,0.8218690151662283,0.967985779964112,1.2072815859417008,0.7986674647019861,0.6482706676551564,1.2221895169544026,0.8526926919512758,0.8457445782423972,0.6325522662622822,0.8286209820343414,0.7666539904119364,1.0810325654688149,0.6864827060502695,1.016690787579429,1.0377008789148163,1.1636400046957651,0.6096863653474988,1.2836849964983612,1.0001894087296612,0.8218690151662283,0.5733985550127907,0.7761208993193216,1.4277481484098327,0.7986674647019861,0.6589660017496823,0.8774636928961812,0.8118440833454187,1.3263915278697953,0.6403632406506733,0.9561785561016932,1.3048635575449996,0.7954068626705955,0.6456240684768164,0.7729523448297891,0.9029542995016068,0.0