team,Mexico,South Korea,South Africa,Czechia,Canada,Switzerland,Qatar,Bosnia and Herzegovina,Brazil,Morocco,Scotland,Haiti,United States,Paraguay,Australia,Turkiye,Germany,Ecuador,Ivory Coast,Curacao,Netherlands,Japan,Tunisia,Sweden,Belgium,Iran,Egypt,New Zealand,Spain,Uruguay,Saudi Arabia,Cape Verde,France,Senegal,Norway,Iraq,Argentina,Austria,Algeria,Jordan,Portugal,Colombia,Uzbekistan,DR Congo,England,Croatia,Panama,Ghana
Mexico,0.000000,1.158700,1.305400,1.158700,1.077500,1.105100,1.367600,1.344200,0.933800,1.025800,1.367300,1.146200,1.351800,1.195300,1.159700,1.158700,1.009300,1.011400,1.158700,1.443300,0.996900,1.060200,1.096200,1.283200,0.956400,1.099600,1.188800,1.647600,0.860000,1.022700,1.490400,1.158700,0.870300,1.192000,1.202000,1.248400,0.851500,1.152400,1.028500,1.394300,0.924900,0.927900,1.251200,1.158700,0.972800,1.110500,1.591700,1.407500
South Korea,1.112800,0.000000,1.334900,1.184900,1.101900,1.130100,1.398500,1.374600,0.954900,1.049000,1.398200,1.172100,1.382400,1.222300,1.185900,1.184900,1.032100,1.034200,1.184900,1.476000,1.019500,1.084200,1.121000,1.312200,0.978000,1.124500,1.215700,1.684800,0.879500,1.045900,1.524100,1.184900,0.890000,1.219000,1.229200,1.276600,0.870800,1.178500,1.051800,1.425800,0.945800,0.948900,1.279500,1.184900,0.994800,1.135600,1.627700,1.439300
South Africa,0.984200,1.047900,0.000000,1.047900,0.974500,0.999500,1.236900,1.215700,0.844500,0.927700,1.236600,1.036600,1.222600,1.081000,1.048800,1.047900,0.912800,0.914700,1.047900,1.305400,0.901600,0.958900,0.991400,1.160500,0.864900,0.994500,1.075200,1.490100,0.777800,0.925000,1.347900,1.047900,0.787100,1.078100,1.087100,1.129100,0.770100,1.042300,0.930200,1.261000,0.836500,0.839200,1.131600,1.047900,0.879800,1.004400,1.439500,1.273000
Czechia,1.112800,1.184900,1.334900,0.000000,1.101900,1.130100,1.398500,1.374600,0.954900,1.049000,1.398200,1.172100,1.382400,1.222300,1.185900,1.184900,1.032100,1.034200,1.184900,1.476000,1.019500,1.084200,1.121000,1.312200,0.978000,1.124500,1.215700,1.684800,0.879500,1.045900,1.524100,1.184900,0.890000,1.219000,1.229200,1.276600,0.870800,1.178500,1.051800,1.425800,0.945800,0.948900,1.279500,1.184900,0.994800,1.135600,1.627700,1.439300
Canada,1.058300,1.126800,1.269400,1.126800,0.000000,1.074700,1.330000,1.307200,0.908100,0.997600,1.329600,1.114600,1.314600,1.162400,1.127800,1.126800,0.981500,0.983500,1.126800,1.403600,0.969500,1.031100,1.066000,1.247800,0.930000,1.069300,1.156100,1.602200,0.836400,0.994600,1.449400,1.126800,0.846300,1.159200,1.168900,1.214000,0.828100,1.120700,1.000200,1.355900,0.899400,0.902400,1.216800,1.126800,0.946000,1.080000,1.547900,1.368800
Switzerland,1.259400,1.341000,1.510700,1.341000,1.247000,0.000000,1.582800,1.555700,1.080700,1.187200,1.582400,1.326500,1.564500,1.383300,1.342100,1.341000,1.168100,1.170500,1.341000,1.670400,1.153800,1.227000,1.268700,1.485000,1.106800,1.272600,1.375900,1.906700,0.995300,1.183600,1.724900,1.341000,1.007200,1.379500,1.391100,1.444800,0.985500,1.333700,1.190300,1.613600,1.070400,1.073900,1.448000,1.341000,1.125900,1.285200,1.842100,1.628900
Qatar,0.900200,0.958500,1.079800,0.958500,0.891400,0.914200,0.000000,1.112000,0.772500,0.848600,1.131100,0.948100,1.118300,0.988800,0.959300,0.958500,0.834900,0.836600,0.958500,1.194000,0.824700,0.877100,0.906800,1.061500,0.791100,0.909600,0.983400,1.362900,0.711500,0.846000,1.232900,0.958500,0.719900,0.986100,0.994400,1.032700,0.704400,0.953300,0.850800,1.153400,0.765100,0.767600,1.035000,0.958500,0.804700,0.918700,1.316700,1.164300
Bosnia and Herzegovina,0.931900,0.992300,1.117900,0.992300,0.922800,0.946400,1.171200,0.000000,0.799700,0.878400,1.170900,0.981500,1.157600,1.023600,0.993100,0.992300,0.864300,0.866100,0.992300,1.236000,0.853700,0.907900,0.938800,1.098800,0.819000,0.941700,1.018100,1.410900,0.736500,0.875800,1.276300,0.992300,0.745300,1.020800,1.029400,1.069100,0.729200,0.986900,0.880800,1.194000,0.792000,0.794600,1.071500,0.992300,0.833100,0.951000,1.363000,1.205300
Brazil,1.466900,1.561900,1.759600,1.561900,1.452500,1.489600,1.843500,1.812000,0.000000,1.382700,1.843000,1.545000,1.822200,1.611200,1.563200,1.561900,1.360500,1.363300,1.561900,1.945600,1.343800,1.429200,1.477700,1.729700,1.289200,1.482200,1.602500,2.220900,1.159300,1.378600,2.009000,1.561900,1.173100,1.606800,1.620300,1.682800,1.147900,1.553400,1.386400,1.879400,1.246700,1.250800,1.686600,1.561900,1.311300,1.497000,2.145500,1.897300
Morocco,1.185800,1.262600,1.422400,1.262600,1.174100,1.204100,1.490200,1.464700,1.017500,0.000000,1.489800,1.248900,1.473000,1.302400,1.263600,1.262600,1.099800,1.102000,1.262600,1.572700,1.086300,1.155300,1.194500,1.398200,1.042100,1.198200,1.295400,1.795200,0.937100,1.114400,1.624000,1.262600,0.948300,1.298900,1.309800,1.360300,0.927900,1.255700,1.120700,1.519200,1.007800,1.011100,1.363300,1.262600,1.060000,1.210100,1.734300,1.533700
Scotland,1.026200,1.092700,1.231000,1.092700,1.016100,1.042100,1.289700,1.267600,0.880600,0.967300,0.000000,1.080800,1.274800,1.127200,1.093600,1.092700,0.951800,0.953700,1.092700,1.361100,0.940100,0.999800,1.033700,1.210000,0.901900,1.036900,1.121100,1.553700,0.811000,0.964500,1.405500,1.092700,0.820700,1.124100,1.133500,1.177200,0.803000,1.086800,0.969900,1.314800,0.872200,0.875000,1.179900,1.092700,0.917400,1.047200,1.501000,1.327300
Haiti,1.123600,1.196300,1.347700,1.196300,1.112500,1.141000,1.412000,1.387900,0.964100,1.059100,1.411700,0.000000,1.395700,1.234100,1.197300,1.196300,1.042100,1.044200,1.196300,1.490200,1.029300,1.094700,1.131800,1.324800,0.987400,1.135300,1.227400,1.701100,0.888000,1.056000,1.538800,1.196300,0.898600,1.230700,1.241100,1.288900,0.879200,1.189900,1.061900,1.439500,0.954900,0.958100,1.291800,1.196300,1.004400,1.146600,1.643400,1.453200
United States,1.088700,1.159300,1.306000,1.159300,1.078100,1.105600,1.368300,1.344900,0.934200,1.026300,1.367900,1.146700,0.000000,1.195900,1.160200,1.159300,1.009800,1.011900,1.159300,1.444000,0.997400,1.060800,1.096700,1.283800,0.956800,1.100100,1.189400,1.648400,0.860500,1.023200,1.491100,1.159300,0.870700,1.192600,1.202600,1.249000,0.852000,1.153000,1.029000,1.394900,0.925300,0.928400,1.251800,1.159300,0.973300,1.111100,1.592400,1.408200
Paraguay,1.049300,1.117300,1.258700,1.117300,1.039000,1.065600,1.318700,1.296200,0.900400,0.989100,1.318400,1.105200,1.303500,0.000000,1.118200,1.117300,0.973200,0.975200,1.117300,1.391700,0.961300,1.022300,1.057000,1.237300,0.922200,1.060300,1.146300,1.588700,0.829300,0.986200,1.437100,1.117300,0.839200,1.149400,1.159100,1.203800,0.821100,1.111200,0.991700,1.344400,0.891800,0.894700,1.206500,1.117300,0.938000,1.070800,1.534800,1.357200
Australia,1.084200,1.154500,1.300600,1.154500,1.073600,1.101000,1.362600,1.339300,0.930400,1.022000,1.362300,1.142000,1.346900,1.190900,0.000000,1.154500,1.005600,1.007700,1.154500,1.438000,0.993300,1.056400,1.092200,1.278500,0.952900,1.095600,1.184500,1.641500,0.856900,1.019000,1.484900,1.154500,0.867100,1.187700,1.197600,1.243800,0.848400,1.148200,1.024700,1.389200,0.921500,0.924500,1.246600,1.154500,0.969300,1.106500,1.585800,1.402400
Turkiye,1.112800,1.184900,1.334900,1.184900,1.101900,1.130100,1.398500,1.374600,0.954900,1.049000,1.398200,1.172100,1.382400,1.222300,1.185900,0.000000,1.032100,1.034200,1.184900,1.476000,1.019500,1.084200,1.121000,1.312200,0.978000,1.124500,1.215700,1.684800,0.879500,1.045900,1.524100,1.184900,0.890000,1.219000,1.229200,1.276600,0.870800,1.178500,1.051800,1.425800,0.945800,0.948900,1.279500,1.184900,0.994800,1.135600,1.627700,1.439300
Germany,1.442600,1.536000,1.730400,1.536000,1.428400,1.464900,1.813000,1.781900,1.237900,1.359800,1.812500,1.519400,1.792000,1.584500,1.537300,1.536000,0.000000,1.340700,1.536000,1.913300,1.321600,1.405500,1.453200,1.701000,1.267800,1.457700,1.576000,2.184100,1.140100,1.355800,1.975700,1.536000,1.153700,1.580200,1.593400,1.654900,1.128800,1.527700,1.363400,1.848300,1.226100,1.230100,1.658600,1.536000,1.289600,1.472200,2.110000,1.865800
Ecuador,1.130500,1.203800,1.356100,1.203800,1.119400,1.148100,1.420800,1.396500,0.970100,1.065700,1.420400,1.190700,1.404400,1.241800,1.204800,1.203800,1.048500,0.000000,1.203800,1.499500,1.035700,1.101500,1.138800,1.333100,0.993600,1.142400,1.235100,1.711600,0.893500,1.062500,1.548300,1.203800,0.904100,1.238400,1.248800,1.296900,0.884700,1.197200,1.068500,1.448500,0.960800,0.964000,1.299800,1.203800,1.010600,1.153700,1.653600,1.462200
Ivory Coast,1.112800,1.184900,1.334900,1.184900,1.101900,1.130100,1.398500,1.374600,0.954900,1.049000,1.398200,1.172100,1.382400,1.222300,1.185900,1.184900,1.032100,1.034200,0.000000,1.476000,1.019500,1.084200,1.121000,1.312200,0.978000,1.124500,1.215700,1.684800,0.879500,1.045900,1.524100,1.184900,0.890000,1.219000,1.229200,1.276600,0.870800,1.178500,1.051800,1.425800,0.945800,0.948900,1.279500,1.184900,0.994800,1.135600,1.627700,1.439300
Curacao,0.914200,0.973400,1.096600,0.973400,0.905200,0.928400,1.148900,1.129200,0.784500,0.861700,1.148600,0.962900,1.135600,1.004100,0.974200,0.973400,0.847900,0.849600,0.973400,0.000000,0.837500,0.890700,0.920900,1.078000,0.803400,0.923800,0.998700,1.384100,0.722500,0.859200,1.252000,0.973400,0.731100,1.001400,1.009800,1.048700,0.715400,0.968100,0.864000,1.171300,0.777000,0.779500,1.051100,0.973400,0.817200,0.932900,1.337100,1.182400
Netherlands,1.360900,1.449000,1.632400,1.449000,1.347500,1.382000,1.710300,1.681000,1.167800,1.282800,1.709900,1.433300,1.690500,1.494800,1.450300,1.449000,1.262200,1.264800,1.449000,1.805000,0.000000,1.325900,1.370900,1.604700,1.196000,1.375100,1.486700,2.060400,1.075500,1.279000,1.863800,1.449000,1.088400,1.490700,1.503200,1.561200,1.064900,1.441200,1.286200,1.743600,1.156600,1.160400,1.564700,1.449000,1.216600,1.388800,1.990500,1.760200
Japan,1.202900,1.280800,1.442900,1.280800,1.191000,1.221500,1.511700,1.485800,1.032200,1.133900,1.511300,1.266900,1.494200,1.321200,1.281800,1.280800,1.115600,1.117900,1.280800,1.595400,1.102000,0.000000,1.211700,1.418300,1.057100,1.215400,1.314100,1.821100,0.950700,1.130500,1.647400,1.280800,0.962000,1.317600,1.328700,1.379900,0.941200,1.273800,1.136900,1.541100,1.022300,1.025700,1.383000,1.280800,1.075300,1.227500,1.759400,1.555800
Tunisia,1.075500,1.145200,1.290100,1.145200,1.065000,1.092200,1.351700,1.328500,0.922900,1.013800,1.351300,1.132800,1.336000,1.181400,1.146200,1.145200,0.997500,0.999600,1.145200,1.426500,0.985300,1.047900,0.000000,1.268200,0.945200,1.086800,1.175000,1.628300,0.850000,1.010800,1.473000,1.145200,0.860100,1.178100,1.188000,1.233800,0.841600,1.139000,1.016500,1.378000,0.914100,0.917100,1.236600,1.145200,0.961500,1.097600,1.573100,1.391100
Sweden,1.074900,1.144600,1.289400,1.144600,1.064400,1.091600,1.350900,1.327800,0.922400,1.013300,1.350600,1.132200,1.335300,1.180700,1.145500,1.144600,0.997000,0.999000,1.144600,1.425700,0.984800,1.047300,1.082800,0.000000,0.944700,1.086200,1.174300,1.627400,0.849500,1.010300,1.472200,1.144600,0.859700,1.177500,1.187300,1.233100,0.841100,1.138400,1.015900,1.377200,0.913600,0.916600,1.235900,1.144600,0.960900,1.097000,1.572200,1.390300
Belgium,1.534100,1.633500,1.840200,1.633500,1.519100,1.557900,1.928000,1.895000,1.316400,1.446100,1.927500,1.615800,1.905700,1.685100,1.634900,1.633500,1.422900,1.425800,1.633500,2.034800,1.405500,1.494700,1.545400,1.808900,0.000000,1.550200,1.676000,2.322700,1.212500,1.441800,2.101100,1.633500,1.226900,1.680500,1.694600,1.759900,1.200500,1.624700,1.450000,1.965600,1.303900,1.308100,1.763900,1.633500,1.371400,1.565600,2.243900,1.984300
Iran,1.169900,1.245700,1.403400,1.245700,1.158500,1.188100,1.470300,1.445200,1.003900,1.102800,1.470000,1.232200,1.453300,1.285100,1.246800,1.245700,1.085100,1.087300,1.245700,1.551700,1.071800,1.139900,1.178500,1.379500,1.028200,0.000000,1.278100,1.771300,0.924600,1.099600,1.602300,1.245700,0.935700,1.281500,1.292300,1.342100,0.915500,1.239000,1.105800,1.499000,0.994300,0.997600,1.345200,1.245700,1.045900,1.193900,1.711200,1.513200
Egypt,0.967100,1.029800,1.160100,1.029800,0.957600,0.982100,1.215500,1.194700,0.829900,0.911700,1.215200,1.018600,1.201400,1.062300,1.030700,1.029800,0.897000,0.898800,1.029800,1.282800,0.886000,0.942300,0.974300,1.140400,0.850000,0.977300,0.000000,1.464300,0.764400,0.909000,1.324600,1.029800,0.773500,1.059400,1.068300,1.109500,0.756800,1.024200,0.914100,1.239100,0.822000,0.824700,1.112000,1.029800,0.864600,0.987000,1.414600,1.250900
New Zealand,0.797900,0.849600,0.957100,0.849600,0.790100,0.810300,1.002800,0.985600,0.684700,0.752100,1.002500,0.840400,0.991200,0.876400,0.850300,0.849600,0.740000,0.741600,0.849600,1.058300,0.731000,0.777400,0.803800,0.940900,0.701200,0.806300,0.871700,0.000000,0.630600,0.749900,1.092800,0.849600,0.638100,0.874000,0.881400,0.915400,0.624400,0.845000,0.754100,1.022300,0.678200,0.680400,0.917400,0.849600,0.713300,0.814300,1.167100,1.032000
Spain,1.583400,1.686000,1.899300,1.686000,1.567900,1.608000,1.990000,1.955900,1.358700,1.492600,1.989400,1.667700,1.966900,1.739200,1.687400,1.686000,1.468500,1.471600,1.686000,2.100100,1.450600,1.542700,1.595000,1.867000,1.391600,1.600000,1.729800,2.397300,0.000000,1.488100,2.168600,1.686000,1.266300,1.734400,1.749000,1.816500,1.239000,1.676800,1.496500,2.028700,1.345700,1.350200,1.820500,1.686000,1.415500,1.615900,2.316000,2.048000
Uruguay,1.210900,1.289300,1.452500,1.289300,1.199000,1.229700,1.521800,1.495800,1.039100,1.141400,1.521400,1.275400,1.504200,1.330100,1.290400,1.289300,1.123100,1.125400,1.289300,1.606100,1.109300,1.179800,1.219800,1.427800,1.064200,1.223600,1.322900,1.833300,0.957000,0.000000,1.658400,1.289300,0.968400,1.326400,1.337500,1.389100,0.947500,1.282400,1.144500,1.551500,1.029200,1.032500,1.392300,1.289300,1.082500,1.235700,1.771100,1.566200
Saudi Arabia,0.841600,0.896100,1.009500,0.896100,0.833300,0.854700,1.057700,1.039600,0.722200,0.793300,1.057400,0.886400,1.045500,0.924400,0.896900,0.896100,0.780600,0.782200,0.896100,1.116300,0.771000,0.820000,0.847800,0.992400,0.739600,0.850400,0.919400,1.274200,0.665100,0.791000,0.000000,0.896100,0.673100,0.921900,0.929600,0.965500,0.658600,0.891300,0.795400,1.078300,0.715300,0.717600,0.967700,0.896100,0.752400,0.858900,1.231000,1.088500
Cape Verde,1.112800,1.184900,1.334900,1.184900,1.101900,1.130100,1.398500,1.374600,0.954900,1.049000,1.398200,1.172100,1.382400,1.222300,1.185900,1.184900,1.032100,1.034200,1.184900,1.476000,1.019500,1.084200,1.121000,1.312200,0.978000,1.124500,1.215700,1.684800,0.879500,1.045900,1.524100,0.000000,0.890000,1.219000,1.229200,1.276600,0.870800,1.178500,1.051800,1.425800,0.945800,0.948900,1.279500,1.184900,0.994800,1.135600,1.627700,1.439300
France,1.622000,1.727100,1.945700,1.727100,1.606100,1.647200,2.038500,2.003600,1.391900,1.529000,2.038000,1.708400,2.014900,1.781600,1.728500,1.727100,1.504400,1.507500,1.727100,2.151300,1.486000,1.580300,1.633900,1.912600,1.425500,1.639000,1.772000,2.455700,1.281900,1.524400,2.221500,1.727100,0.000000,1.776800,1.791700,1.860800,1.269300,1.717700,1.533000,2.078200,1.378600,1.383100,1.864900,1.727100,1.450000,1.655300,2.372400,2.097900
Senegal,1.087200,1.157600,1.304100,1.157600,1.076500,1.104000,1.366300,1.342900,0.932900,1.024800,1.365900,1.145000,1.350500,1.194100,1.158500,1.157600,1.008300,1.010400,1.157600,1.441900,0.996000,1.059200,1.095100,1.281900,0.955400,1.098500,1.187700,1.646000,0.859200,1.021700,1.488900,1.157600,0.869400,0.000000,1.200900,1.247200,0.850700,1.151300,1.027500,1.392900,0.924000,0.927000,1.250000,1.157600,0.971900,1.109400,1.590100,1.406100
Norway,1.110900,1.182800,1.332500,1.182800,1.100000,1.128100,1.396100,1.372200,0.953200,1.047200,1.395800,1.170000,1.380000,1.220200,1.183800,1.182800,1.030300,1.032400,1.182800,1.473400,1.017700,1.082300,1.119100,1.309900,0.976300,1.122500,1.213600,1.681900,0.878000,1.044000,1.521400,1.182800,0.888400,1.216900,0.000000,1.274400,0.869300,1.176400,1.049900,1.423300,0.944100,0.947200,1.277300,1.182800,0.993100,1.133700,1.624800,1.436800
Iraq,0.964300,1.026800,1.156700,1.026800,0.954900,0.979300,1.211900,1.191200,0.827500,0.909000,1.211600,1.015700,1.197900,1.059200,1.027700,1.026800,0.894400,0.896200,1.026800,1.279000,0.883400,0.939500,0.971400,1.137100,0.847500,0.974400,1.053500,1.460000,0.762100,0.906300,1.320700,1.026800,0.771200,1.056300,1.065200,0.000000,0.754600,1.021200,0.911400,1.235500,0.819600,0.822300,1.108700,1.026800,0.862100,0.984100,1.410500,1.247300
Argentina,1.517800,1.616200,1.820700,1.616200,1.502900,1.541400,1.907600,1.874900,1.302500,1.430800,1.907100,1.598600,1.885500,1.667200,1.617500,1.616200,1.407700,1.410600,1.616200,2.013200,1.390500,1.478800,1.529000,1.789700,1.333900,1.533700,1.658200,2.298000,1.199600,1.426500,2.078800,1.616200,1.213900,1.662600,1.676600,1.741200,0.000000,1.607400,1.434600,1.944700,1.290000,1.294300,1.745200,1.616200,1.356900,1.549000,2.220100,1.963200
Austria,1.210700,1.289100,1.452300,1.289100,1.198800,1.229500,1.521600,1.495500,1.038900,1.141300,1.521200,1.275200,1.504000,1.329800,1.290200,1.289100,1.122900,1.125200,1.289100,1.605800,1.109200,1.179600,1.219600,1.427600,1.064000,1.223400,1.322600,1.833000,0.956900,1.137900,1.658200,1.289100,0.968300,1.326200,1.337300,1.388900,0.947400,0.000000,1.144300,1.551200,1.029000,1.032400,1.392000,1.289100,1.082300,1.235500,1.770800,1.565900
Algeria,1.264700,1.346700,1.517100,1.346700,1.252300,1.284400,1.589500,1.562300,1.085300,1.192200,1.589100,1.332100,1.571100,1.389200,1.347800,1.346700,1.173000,1.175400,1.346700,1.677500,1.158700,1.232200,1.274000,1.491300,1.111500,1.278000,1.381700,1.914800,0.999600,1.188600,1.732200,1.346700,1.011500,1.385400,1.397000,1.450900,0.989700,1.339400,0.000000,1.620400,1.074900,1.078400,1.454200,1.346700,1.130600,1.290700,1.849900,1.635800
Jordan,0.972300,1.035300,1.166300,1.035300,0.962700,0.987400,1.221900,1.201000,0.834300,0.916500,1.221600,1.024000,1.207800,1.067900,1.036100,1.035300,0.901700,0.903600,1.035300,1.289600,0.890700,0.947300,0.979400,1.146400,0.854500,0.982400,1.062200,1.472000,0.768400,0.913800,1.331600,1.035300,0.777600,1.065000,1.074000,1.115400,0.760800,1.029600,0.918900,0.000000,0.826300,0.829100,1.117900,1.035300,0.869200,0.992200,1.422100,1.257600
Portugal,1.609200,1.713400,1.930200,1.713400,1.593400,1.634100,2.022300,1.987700,1.380800,1.516900,2.021800,1.694800,1.998900,1.767500,1.714800,1.713400,1.492400,1.495500,1.713400,2.134300,1.474200,1.567800,1.621000,1.897400,1.414200,1.626000,1.758000,2.436300,1.271800,1.512300,2.203900,1.713400,1.286900,1.762700,1.777500,1.846000,1.259200,1.704100,1.520900,2.061700,0.000000,1.372100,1.850200,1.713400,1.438500,1.642200,2.353600,2.081300
Colombia,1.411100,1.502500,1.692600,1.502500,1.397200,1.433000,1.773400,1.743000,1.210900,1.330100,1.772900,1.486200,1.752900,1.549900,1.503800,1.502500,1.308700,1.311400,1.502500,1.871600,1.292700,1.374800,1.421500,1.663900,1.240100,1.425900,1.541600,2.136400,1.115200,1.326200,1.932600,1.502500,1.128500,1.545700,1.558700,1.618800,1.104200,1.494400,1.333700,1.807900,1.199300,0.000000,1.622400,1.502500,1.261500,1.440000,2.063900,1.825100
Uzbekistan,0.960100,1.022300,1.151700,1.022300,0.950700,0.975000,1.206600,1.185900,0.823800,0.905000,1.206300,1.011200,1.192600,1.054600,1.023100,1.022300,0.890400,0.892300,1.022300,1.273400,0.879600,0.935400,0.967100,1.132100,0.843800,0.970100,1.048900,1.453600,0.758800,0.902300,1.314900,1.022300,0.767800,1.051700,1.060500,1.101400,0.751300,1.016700,0.907400,1.230100,0.816000,0.818700,0.000000,1.022300,0.858300,0.979800,1.404300,1.241800
DR Congo,1.112800,1.184900,1.334900,1.184900,1.101900,1.130100,1.398500,1.374600,0.954900,1.049000,1.398200,1.172100,1.382400,1.222300,1.185900,1.184900,1.032100,1.034200,1.184900,1.476000,1.019500,1.084200,1.121000,1.312200,0.978000,1.124500,1.215700,1.684800,0.879500,1.045900,1.524100,1.184900,0.890000,1.219000,1.229200,1.276600,0.870800,1.178500,1.051800,1.425800,0.945800,0.948900,1.279500,0.000000,0.994800,1.135600,1.627700,1.439300
England,1.317400,1.402700,1.580200,1.402700,1.304500,1.337800,1.655600,1.627300,1.130400,1.241800,1.655200,1.387500,1.636500,1.447000,1.403900,1.402700,1.221800,1.224300,1.402700,1.747300,1.206900,1.283500,1.327100,1.553400,1.157800,1.331200,1.439200,1.994500,1.041200,1.238100,1.804300,1.402700,1.053600,1.443100,1.455200,1.511300,1.030900,1.395100,1.245100,1.687900,1.119700,1.123300,1.514700,1.402700,0.000000,1.344400,1.926900,1.703900
Croatia,1.269600,1.351900,1.523000,1.351900,1.257200,1.289300,1.595600,1.568300,1.089500,1.196800,1.595200,1.337200,1.577200,1.394600,1.353000,1.351900,1.177500,1.180000,1.351900,1.684000,1.163100,1.237000,1.279000,1.497100,1.115800,1.282900,1.387000,1.922200,1.003400,1.193300,1.738900,1.351900,1.015400,1.390800,1.402400,1.456500,0.993500,1.344600,1.200000,1.626700,1.079100,1.082600,1.459800,1.351900,1.135000,0.000000,1.857000,1.642200
Panama,0.887600,0.945100,1.064700,0.945100,0.878900,0.901400,1.115500,1.096400,0.761700,0.836700,1.115200,0.934900,1.102600,0.975000,0.945900,0.945100,0.823200,0.824900,0.945100,1.177300,0.813200,0.864800,0.894200,1.046600,0.780100,0.896900,0.969700,1.343900,0.701500,0.834200,1.215700,0.945100,0.709900,0.972300,0.980500,1.018300,0.694600,0.940000,0.838900,1.137300,0.754400,0.756900,1.020600,0.945100,0.793500,0.905800,0.000000,1.148100
Ghana,0.933200,0.993600,1.119300,0.993600,0.924000,0.947600,1.172800,1.152700,0.800700,0.879600,1.172400,0.982800,1.159200,1.025000,0.994400,0.993600,0.865500,0.867200,0.993600,1.237700,0.854900,0.909200,0.940000,1.100300,0.820100,0.942900,1.019400,1.412800,0.737500,0.877000,1.278000,0.993600,0.746300,1.022200,1.030700,1.070500,0.730200,0.988200,0.882000,1.195600,0.793100,0.795700,1.072900,0.993600,0.834200,0.952300,1.364900,0.000000
